,index,Avg_travel_time,Destination,Origin,Time,Weekday,Year
1731,1731,76,51st_springdale,51st_manor,0,0,2015
1732,1732,70,51st_springdale,51st_manor,15,0,2015
1733,1733,71,51st_springdale,51st_manor,30,0,2015
1734,1734,78,51st_springdale,51st_manor,45,0,2015
1735,1735,76,51st_springdale,51st_manor,60,0,2015
1736,1736,72,51st_springdale,51st_manor,75,0,2015
1737,1737,73,51st_springdale,51st_manor,90,0,2015
1738,1738,73,51st_springdale,51st_manor,105,0,2015
1739,1739,81,51st_springdale,51st_manor,120,0,2015
1740,1740,72,51st_springdale,51st_manor,135,0,2015
1741,1741,72,51st_springdale,51st_manor,150,0,2015
1742,1742,72,51st_springdale,51st_manor,165,0,2015
1743,1743,79,51st_springdale,51st_manor,180,0,2015
1744,1744,75,51st_springdale,51st_manor,195,0,2015
1745,1745,75,51st_springdale,51st_manor,210,0,2015
1746,1746,82,51st_springdale,51st_manor,225,0,2015
1747,1747,79,51st_springdale,51st_manor,240,0,2015
1748,1748,71,51st_springdale,51st_manor,255,0,2015
1749,1749,82,51st_springdale,51st_manor,270,0,2015
1750,1750,71,51st_springdale,51st_manor,285,0,2015
1751,1751,71,51st_springdale,51st_manor,300,0,2015
1752,1752,69,51st_springdale,51st_manor,315,0,2015
1753,1753,64,51st_springdale,51st_manor,330,0,2015
1754,1754,67,51st_springdale,51st_manor,345,0,2015
1755,1755,85,51st_springdale,51st_manor,360,0,2015
1756,1756,85,51st_springdale,51st_manor,375,0,2015
1757,1757,67,51st_springdale,51st_manor,390,0,2015
1758,1758,87,51st_springdale,51st_manor,420,0,2015
1759,1759,70,51st_springdale,51st_manor,435,0,2015
1760,1760,89,51st_springdale,51st_manor,465,0,2015
1761,1761,67,51st_springdale,51st_manor,570,0,2015
1762,1762,52,51st_springdale,51st_manor,600,0,2015
1763,1763,69,51st_springdale,51st_manor,660,0,2015
1764,1764,60,51st_springdale,51st_manor,675,0,2015
1765,1765,63,51st_springdale,51st_manor,690,0,2015
1766,1766,72,51st_springdale,51st_manor,705,0,2015
1767,1767,85,51st_springdale,51st_manor,720,0,2015
1768,1768,75,51st_springdale,51st_manor,735,0,2015
1769,1769,62,51st_springdale,51st_manor,750,0,2015
1770,1770,75,51st_springdale,51st_manor,765,0,2015
1771,1771,70,51st_springdale,51st_manor,780,0,2015
1772,1772,71,51st_springdale,51st_manor,795,0,2015
1773,1773,71,51st_springdale,51st_manor,810,0,2015
1774,1774,67,51st_springdale,51st_manor,825,0,2015
1775,1775,73,51st_springdale,51st_manor,840,0,2015
1776,1776,74,51st_springdale,51st_manor,855,0,2015
1777,1777,69,51st_springdale,51st_manor,870,0,2015
1778,1778,72,51st_springdale,51st_manor,885,0,2015
1779,1779,76,51st_springdale,51st_manor,900,0,2015
1780,1780,68,51st_springdale,51st_manor,915,0,2015
1781,1781,73,51st_springdale,51st_manor,930,0,2015
1782,1782,73,51st_springdale,51st_manor,945,0,2015
1783,1783,74,51st_springdale,51st_manor,960,0,2015
1784,1784,71,51st_springdale,51st_manor,975,0,2015
1785,1785,76,51st_springdale,51st_manor,990,0,2015
1786,1786,76,51st_springdale,51st_manor,1005,0,2015
1787,1787,73,51st_springdale,51st_manor,1020,0,2015
1788,1788,82,51st_springdale,51st_manor,1035,0,2015
1789,1789,74,51st_springdale,51st_manor,1050,0,2015
1790,1790,80,51st_springdale,51st_manor,1065,0,2015
1791,1791,71,51st_springdale,51st_manor,1080,0,2015
1792,1792,68,51st_springdale,51st_manor,1095,0,2015
1793,1793,72,51st_springdale,51st_manor,1110,0,2015
1794,1794,72,51st_springdale,51st_manor,1125,0,2015
1795,1795,74,51st_springdale,51st_manor,1140,0,2015
1796,1796,75,51st_springdale,51st_manor,1155,0,2015
1797,1797,75,51st_springdale,51st_manor,1170,0,2015
1798,1798,76,51st_springdale,51st_manor,1185,0,2015
1799,1799,75,51st_springdale,51st_manor,1200,0,2015
1800,1800,78,51st_springdale,51st_manor,1215,0,2015
1801,1801,71,51st_springdale,51st_manor,1230,0,2015
1802,1802,75,51st_springdale,51st_manor,1245,0,2015
1803,1803,75,51st_springdale,51st_manor,1260,0,2015
1804,1804,80,51st_springdale,51st_manor,1275,0,2015
1805,1805,85,51st_springdale,51st_manor,1290,0,2015
1806,1806,75,51st_springdale,51st_manor,1305,0,2015
1807,1807,74,51st_springdale,51st_manor,1320,0,2015
1808,1808,74,51st_springdale,51st_manor,1335,0,2015
1809,1809,73,51st_springdale,51st_manor,1350,0,2015
1810,1810,73,51st_springdale,51st_manor,1365,0,2015
1811,1811,73,51st_springdale,51st_manor,1380,0,2015
1812,1812,85,51st_springdale,51st_manor,1395,0,2015
1813,1813,81,51st_springdale,51st_manor,1410,0,2015
1814,1814,85,51st_springdale,51st_manor,1425,0,2015
1815,1815,83,51st_springdale,51st_manor,0,1,2015
1816,1816,80,51st_springdale,51st_manor,15,1,2015
1817,1817,77,51st_springdale,51st_manor,30,1,2015
1818,1818,72,51st_springdale,51st_manor,45,1,2015
1819,1819,71,51st_springdale,51st_manor,60,1,2015
1820,1820,74,51st_springdale,51st_manor,75,1,2015
1821,1821,73,51st_springdale,51st_manor,90,1,2015
1822,1822,77,51st_springdale,51st_manor,105,1,2015
1823,1823,69,51st_springdale,51st_manor,120,1,2015
1824,1824,80,51st_springdale,51st_manor,135,1,2015
1825,1825,73,51st_springdale,51st_manor,150,1,2015
1826,1826,72,51st_springdale,51st_manor,165,1,2015
1827,1827,70,51st_springdale,51st_manor,180,1,2015
1828,1828,69,51st_springdale,51st_manor,195,1,2015
1829,1829,78,51st_springdale,51st_manor,210,1,2015
1830,1830,78,51st_springdale,51st_manor,225,1,2015
1831,1831,65,51st_springdale,51st_manor,240,1,2015
1832,1832,76,51st_springdale,51st_manor,255,1,2015
1833,1833,107,51st_springdale,51st_manor,270,1,2015
1834,1834,86,51st_springdale,51st_manor,285,1,2015
1835,1835,78,51st_springdale,51st_manor,300,1,2015
1836,1836,71,51st_springdale,51st_manor,315,1,2015
1837,1837,71,51st_springdale,51st_manor,330,1,2015
1838,1838,64,51st_springdale,51st_manor,345,1,2015
1839,1839,62,51st_springdale,51st_manor,360,1,2015
1840,1840,65,51st_springdale,51st_manor,375,1,2015
1841,1841,82,51st_springdale,51st_manor,390,1,2015
1842,1842,72,51st_springdale,51st_manor,405,1,2015
1843,1843,58,51st_springdale,51st_manor,435,1,2015
1844,1844,74,51st_springdale,51st_manor,450,1,2015
1845,1845,131,51st_springdale,51st_manor,480,1,2015
1846,1846,62,51st_springdale,51st_manor,555,1,2015
1847,1847,52,51st_springdale,51st_manor,615,1,2015
1848,1848,111,51st_springdale,51st_manor,630,1,2015
1849,1849,77,51st_springdale,51st_manor,660,1,2015
1850,1850,82,51st_springdale,51st_manor,675,1,2015
1851,1851,66,51st_springdale,51st_manor,690,1,2015
1852,1852,88,51st_springdale,51st_manor,705,1,2015
1853,1853,71,51st_springdale,51st_manor,720,1,2015
1854,1854,87,51st_springdale,51st_manor,735,1,2015
1855,1855,72,51st_springdale,51st_manor,750,1,2015
1856,1856,77,51st_springdale,51st_manor,765,1,2015
1857,1857,69,51st_springdale,51st_manor,780,1,2015
1858,1858,73,51st_springdale,51st_manor,795,1,2015
1859,1859,73,51st_springdale,51st_manor,810,1,2015
1860,1860,71,51st_springdale,51st_manor,825,1,2015
1861,1861,73,51st_springdale,51st_manor,840,1,2015
1862,1862,74,51st_springdale,51st_manor,855,1,2015
1863,1863,73,51st_springdale,51st_manor,870,1,2015
1864,1864,74,51st_springdale,51st_manor,885,1,2015
1865,1865,70,51st_springdale,51st_manor,900,1,2015
1866,1866,79,51st_springdale,51st_manor,915,1,2015
1867,1867,74,51st_springdale,51st_manor,930,1,2015
1868,1868,76,51st_springdale,51st_manor,945,1,2015
1869,1869,78,51st_springdale,51st_manor,960,1,2015
1870,1870,76,51st_springdale,51st_manor,975,1,2015
1871,1871,66,51st_springdale,51st_manor,990,1,2015
1872,1872,77,51st_springdale,51st_manor,1005,1,2015
1873,1873,67,51st_springdale,51st_manor,1020,1,2015
1874,1874,79,51st_springdale,51st_manor,1035,1,2015
1875,1875,75,51st_springdale,51st_manor,1050,1,2015
1876,1876,72,51st_springdale,51st_manor,1065,1,2015
1877,1877,68,51st_springdale,51st_manor,1080,1,2015
1878,1878,77,51st_springdale,51st_manor,1095,1,2015
1879,1879,72,51st_springdale,51st_manor,1110,1,2015
1880,1880,76,51st_springdale,51st_manor,1125,1,2015
1881,1881,86,51st_springdale,51st_manor,1140,1,2015
1882,1882,78,51st_springdale,51st_manor,1155,1,2015
1883,1883,71,51st_springdale,51st_manor,1170,1,2015
1884,1884,75,51st_springdale,51st_manor,1185,1,2015
1885,1885,75,51st_springdale,51st_manor,1200,1,2015
1886,1886,75,51st_springdale,51st_manor,1215,1,2015
1887,1887,73,51st_springdale,51st_manor,1230,1,2015
1888,1888,73,51st_springdale,51st_manor,1245,1,2015
1889,1889,70,51st_springdale,51st_manor,1260,1,2015
1890,1890,75,51st_springdale,51st_manor,1275,1,2015
1891,1891,71,51st_springdale,51st_manor,1290,1,2015
1892,1892,74,51st_springdale,51st_manor,1305,1,2015
1893,1893,68,51st_springdale,51st_manor,1320,1,2015
1894,1894,73,51st_springdale,51st_manor,1335,1,2015
1895,1895,72,51st_springdale,51st_manor,1350,1,2015
1896,1896,77,51st_springdale,51st_manor,1365,1,2015
1897,1897,77,51st_springdale,51st_manor,1380,1,2015
1898,1898,81,51st_springdale,51st_manor,1395,1,2015
1899,1899,89,51st_springdale,51st_manor,1410,1,2015
1900,1900,87,51st_springdale,51st_manor,1425,1,2015
1901,1901,76,51st_springdale,51st_manor,0,2,2015
1902,1902,82,51st_springdale,51st_manor,15,2,2015
1903,1903,74,51st_springdale,51st_manor,30,2,2015
1904,1904,76,51st_springdale,51st_manor,45,2,2015
1905,1905,73,51st_springdale,51st_manor,60,2,2015
1906,1906,76,51st_springdale,51st_manor,75,2,2015
1907,1907,77,51st_springdale,51st_manor,90,2,2015
1908,1908,78,51st_springdale,51st_manor,105,2,2015
1909,1909,71,51st_springdale,51st_manor,120,2,2015
1910,1910,71,51st_springdale,51st_manor,135,2,2015
1911,1911,73,51st_springdale,51st_manor,150,2,2015
1912,1912,76,51st_springdale,51st_manor,165,2,2015
1913,1913,75,51st_springdale,51st_manor,180,2,2015
1914,1914,72,51st_springdale,51st_manor,195,2,2015
1915,1915,72,51st_springdale,51st_manor,210,2,2015
1916,1916,71,51st_springdale,51st_manor,225,2,2015
1917,1917,75,51st_springdale,51st_manor,240,2,2015
1918,1918,79,51st_springdale,51st_manor,255,2,2015
1919,1919,79,51st_springdale,51st_manor,270,2,2015
1920,1920,80,51st_springdale,51st_manor,285,2,2015
1921,1921,77,51st_springdale,51st_manor,300,2,2015
1922,1922,68,51st_springdale,51st_manor,315,2,2015
1923,1923,79,51st_springdale,51st_manor,330,2,2015
1924,1924,70,51st_springdale,51st_manor,345,2,2015
1925,1925,77,51st_springdale,51st_manor,360,2,2015
1926,1926,64,51st_springdale,51st_manor,375,2,2015
1927,1927,74,51st_springdale,51st_manor,390,2,2015
1928,1928,89,51st_springdale,51st_manor,405,2,2015
1929,1929,82,51st_springdale,51st_manor,420,2,2015
1930,1930,85,51st_springdale,51st_manor,525,2,2015
1931,1931,126,51st_springdale,51st_manor,615,2,2015
1932,1932,60,51st_springdale,51st_manor,675,2,2015
1933,1933,65,51st_springdale,51st_manor,690,2,2015
1934,1934,88,51st_springdale,51st_manor,705,2,2015
1935,1935,83,51st_springdale,51st_manor,720,2,2015
1936,1936,81,51st_springdale,51st_manor,735,2,2015
1937,1937,91,51st_springdale,51st_manor,750,2,2015
1938,1938,72,51st_springdale,51st_manor,765,2,2015
1939,1939,75,51st_springdale,51st_manor,780,2,2015
1940,1940,73,51st_springdale,51st_manor,795,2,2015
1941,1941,75,51st_springdale,51st_manor,810,2,2015
1942,1942,83,51st_springdale,51st_manor,825,2,2015
1943,1943,72,51st_springdale,51st_manor,840,2,2015
1944,1944,74,51st_springdale,51st_manor,855,2,2015
1945,1945,71,51st_springdale,51st_manor,870,2,2015
1946,1946,70,51st_springdale,51st_manor,885,2,2015
1947,1947,71,51st_springdale,51st_manor,900,2,2015
1948,1948,68,51st_springdale,51st_manor,915,2,2015
1949,1949,69,51st_springdale,51st_manor,930,2,2015
1950,1950,70,51st_springdale,51st_manor,945,2,2015
1951,1951,70,51st_springdale,51st_manor,960,2,2015
1952,1952,73,51st_springdale,51st_manor,975,2,2015
1953,1953,72,51st_springdale,51st_manor,990,2,2015
1954,1954,74,51st_springdale,51st_manor,1005,2,2015
1955,1955,72,51st_springdale,51st_manor,1020,2,2015
1956,1956,77,51st_springdale,51st_manor,1035,2,2015
1957,1957,75,51st_springdale,51st_manor,1050,2,2015
1958,1958,75,51st_springdale,51st_manor,1065,2,2015
1959,1959,73,51st_springdale,51st_manor,1080,2,2015
1960,1960,73,51st_springdale,51st_manor,1095,2,2015
1961,1961,72,51st_springdale,51st_manor,1110,2,2015
1962,1962,76,51st_springdale,51st_manor,1125,2,2015
1963,1963,74,51st_springdale,51st_manor,1140,2,2015
1964,1964,73,51st_springdale,51st_manor,1155,2,2015
1965,1965,72,51st_springdale,51st_manor,1170,2,2015
1966,1966,69,51st_springdale,51st_manor,1185,2,2015
1967,1967,74,51st_springdale,51st_manor,1200,2,2015
1968,1968,77,51st_springdale,51st_manor,1215,2,2015
1969,1969,74,51st_springdale,51st_manor,1230,2,2015
1970,1970,75,51st_springdale,51st_manor,1245,2,2015
1971,1971,73,51st_springdale,51st_manor,1260,2,2015
1972,1972,74,51st_springdale,51st_manor,1275,2,2015
1973,1973,76,51st_springdale,51st_manor,1290,2,2015
1974,1974,69,51st_springdale,51st_manor,1305,2,2015
1975,1975,76,51st_springdale,51st_manor,1320,2,2015
1976,1976,77,51st_springdale,51st_manor,1335,2,2015
1977,1977,77,51st_springdale,51st_manor,1350,2,2015
1978,1978,78,51st_springdale,51st_manor,1365,2,2015
1979,1979,75,51st_springdale,51st_manor,1380,2,2015
1980,1980,102,51st_springdale,51st_manor,1395,2,2015
1981,1981,78,51st_springdale,51st_manor,1410,2,2015
1982,1982,74,51st_springdale,51st_manor,1425,2,2015
1983,1983,83,51st_springdale,51st_manor,0,3,2015
1984,1984,79,51st_springdale,51st_manor,15,3,2015
1985,1985,85,51st_springdale,51st_manor,30,3,2015
1986,1986,76,51st_springdale,51st_manor,45,3,2015
1987,1987,73,51st_springdale,51st_manor,60,3,2015
1988,1988,74,51st_springdale,51st_manor,75,3,2015
1989,1989,83,51st_springdale,51st_manor,90,3,2015
1990,1990,75,51st_springdale,51st_manor,105,3,2015
1991,1991,76,51st_springdale,51st_manor,120,3,2015
1992,1992,76,51st_springdale,51st_manor,135,3,2015
1993,1993,80,51st_springdale,51st_manor,150,3,2015
1994,1994,79,51st_springdale,51st_manor,165,3,2015
1995,1995,71,51st_springdale,51st_manor,180,3,2015
1996,1996,72,51st_springdale,51st_manor,195,3,2015
1997,1997,79,51st_springdale,51st_manor,210,3,2015
1998,1998,75,51st_springdale,51st_manor,225,3,2015
1999,1999,75,51st_springdale,51st_manor,240,3,2015
2000,2000,87,51st_springdale,51st_manor,255,3,2015
2001,2001,68,51st_springdale,51st_manor,270,3,2015
2002,2002,67,51st_springdale,51st_manor,285,3,2015
2003,2003,68,51st_springdale,51st_manor,300,3,2015
2004,2004,75,51st_springdale,51st_manor,315,3,2015
2005,2005,74,51st_springdale,51st_manor,330,3,2015
2006,2006,81,51st_springdale,51st_manor,345,3,2015
2007,2007,78,51st_springdale,51st_manor,360,3,2015
2008,2008,74,51st_springdale,51st_manor,375,3,2015
2009,2009,77,51st_springdale,51st_manor,390,3,2015
2010,2010,73,51st_springdale,51st_manor,405,3,2015
2011,2011,87,51st_springdale,51st_manor,435,3,2015
2012,2012,92,51st_springdale,51st_manor,450,3,2015
2013,2013,71,51st_springdale,51st_manor,465,3,2015
2014,2014,87,51st_springdale,51st_manor,495,3,2015
2015,2015,64,51st_springdale,51st_manor,525,3,2015
2016,2016,62,51st_springdale,51st_manor,540,3,2015
2017,2017,58,51st_springdale,51st_manor,615,3,2015
2018,2018,56,51st_springdale,51st_manor,675,3,2015
2019,2019,74,51st_springdale,51st_manor,690,3,2015
2020,2020,100,51st_springdale,51st_manor,705,3,2015
2021,2021,88,51st_springdale,51st_manor,720,3,2015
2022,2022,84,51st_springdale,51st_manor,735,3,2015
2023,2023,74,51st_springdale,51st_manor,750,3,2015
2024,2024,67,51st_springdale,51st_manor,765,3,2015
2025,2025,67,51st_springdale,51st_manor,780,3,2015
2026,2026,57,51st_springdale,51st_manor,795,3,2015
2027,2027,67,51st_springdale,51st_manor,810,3,2015
2028,2028,71,51st_springdale,51st_manor,825,3,2015
2029,2029,67,51st_springdale,51st_manor,840,3,2015
2030,2030,67,51st_springdale,51st_manor,855,3,2015
2031,2031,68,51st_springdale,51st_manor,870,3,2015
2032,2032,72,51st_springdale,51st_manor,885,3,2015
2033,2033,65,51st_springdale,51st_manor,900,3,2015
2034,2034,74,51st_springdale,51st_manor,915,3,2015
2035,2035,71,51st_springdale,51st_manor,930,3,2015
2036,2036,70,51st_springdale,51st_manor,945,3,2015
2037,2037,77,51st_springdale,51st_manor,960,3,2015
2038,2038,73,51st_springdale,51st_manor,975,3,2015
2039,2039,69,51st_springdale,51st_manor,990,3,2015
2040,2040,82,51st_springdale,51st_manor,1005,3,2015
2041,2041,75,51st_springdale,51st_manor,1020,3,2015
2042,2042,78,51st_springdale,51st_manor,1035,3,2015
2043,2043,68,51st_springdale,51st_manor,1050,3,2015
2044,2044,71,51st_springdale,51st_manor,1065,3,2015
2045,2045,70,51st_springdale,51st_manor,1080,3,2015
2046,2046,72,51st_springdale,51st_manor,1095,3,2015
2047,2047,72,51st_springdale,51st_manor,1110,3,2015
2048,2048,77,51st_springdale,51st_manor,1125,3,2015
2049,2049,72,51st_springdale,51st_manor,1140,3,2015
2050,2050,75,51st_springdale,51st_manor,1155,3,2015
2051,2051,73,51st_springdale,51st_manor,1170,3,2015
2052,2052,69,51st_springdale,51st_manor,1185,3,2015
2053,2053,74,51st_springdale,51st_manor,1200,3,2015
2054,2054,73,51st_springdale,51st_manor,1215,3,2015
2055,2055,79,51st_springdale,51st_manor,1230,3,2015
2056,2056,77,51st_springdale,51st_manor,1245,3,2015
2057,2057,74,51st_springdale,51st_manor,1260,3,2015
2058,2058,76,51st_springdale,51st_manor,1275,3,2015
2059,2059,81,51st_springdale,51st_manor,1290,3,2015
2060,2060,81,51st_springdale,51st_manor,1305,3,2015
2061,2061,79,51st_springdale,51st_manor,1320,3,2015
2062,2062,73,51st_springdale,51st_manor,1335,3,2015
2063,2063,73,51st_springdale,51st_manor,1350,3,2015
2064,2064,74,51st_springdale,51st_manor,1365,3,2015
2065,2065,74,51st_springdale,51st_manor,1380,3,2015
2066,2066,81,51st_springdale,51st_manor,1395,3,2015
2067,2067,78,51st_springdale,51st_manor,1410,3,2015
2068,2068,83,51st_springdale,51st_manor,1425,3,2015
2069,2069,80,51st_springdale,51st_manor,0,4,2015
2070,2070,80,51st_springdale,51st_manor,15,4,2015
2071,2071,80,51st_springdale,51st_manor,30,4,2015
2072,2072,77,51st_springdale,51st_manor,45,4,2015
2073,2073,72,51st_springdale,51st_manor,60,4,2015
2074,2074,69,51st_springdale,51st_manor,75,4,2015
2075,2075,77,51st_springdale,51st_manor,90,4,2015
2076,2076,80,51st_springdale,51st_manor,105,4,2015
2077,2077,76,51st_springdale,51st_manor,120,4,2015
2078,2078,76,51st_springdale,51st_manor,135,4,2015
2079,2079,71,51st_springdale,51st_manor,150,4,2015
2080,2080,79,51st_springdale,51st_manor,165,4,2015
2081,2081,80,51st_springdale,51st_manor,180,4,2015
2082,2082,80,51st_springdale,51st_manor,195,4,2015
2083,2083,73,51st_springdale,51st_manor,210,4,2015
2084,2084,75,51st_springdale,51st_manor,225,4,2015
2085,2085,74,51st_springdale,51st_manor,240,4,2015
2086,2086,72,51st_springdale,51st_manor,255,4,2015
2087,2087,81,51st_springdale,51st_manor,270,4,2015
2088,2088,74,51st_springdale,51st_manor,285,4,2015
2089,2089,74,51st_springdale,51st_manor,300,4,2015
2090,2090,76,51st_springdale,51st_manor,315,4,2015
2091,2091,83,51st_springdale,51st_manor,330,4,2015
2092,2092,68,51st_springdale,51st_manor,345,4,2015
2093,2093,75,51st_springdale,51st_manor,360,4,2015
2094,2094,69,51st_springdale,51st_manor,375,4,2015
2095,2095,74,51st_springdale,51st_manor,390,4,2015
2096,2096,71,51st_springdale,51st_manor,405,4,2015
2097,2097,67,51st_springdale,51st_manor,420,4,2015
2098,2098,84,51st_springdale,51st_manor,435,4,2015
2099,2099,66,51st_springdale,51st_manor,450,4,2015
2100,2100,72,51st_springdale,51st_manor,465,4,2015
2101,2101,80,51st_springdale,51st_manor,495,4,2015
2102,2102,57,51st_springdale,51st_manor,600,4,2015
2103,2103,102,51st_springdale,51st_manor,630,4,2015
2104,2104,77,51st_springdale,51st_manor,690,4,2015
2105,2105,87,51st_springdale,51st_manor,705,4,2015
2106,2106,88,51st_springdale,51st_manor,720,4,2015
2107,2107,77,51st_springdale,51st_manor,735,4,2015
2108,2108,76,51st_springdale,51st_manor,750,4,2015
2109,2109,74,51st_springdale,51st_manor,765,4,2015
2110,2110,65,51st_springdale,51st_manor,780,4,2015
2111,2111,71,51st_springdale,51st_manor,795,4,2015
2112,2112,75,51st_springdale,51st_manor,810,4,2015
2113,2113,70,51st_springdale,51st_manor,825,4,2015
2114,2114,69,51st_springdale,51st_manor,840,4,2015
2115,2115,68,51st_springdale,51st_manor,855,4,2015
2116,2116,68,51st_springdale,51st_manor,870,4,2015
2117,2117,66,51st_springdale,51st_manor,885,4,2015
2118,2118,67,51st_springdale,51st_manor,900,4,2015
2119,2119,65,51st_springdale,51st_manor,915,4,2015
2120,2120,68,51st_springdale,51st_manor,930,4,2015
2121,2121,69,51st_springdale,51st_manor,945,4,2015
2122,2122,73,51st_springdale,51st_manor,960,4,2015
2123,2123,79,51st_springdale,51st_manor,975,4,2015
2124,2124,76,51st_springdale,51st_manor,990,4,2015
2125,2125,76,51st_springdale,51st_manor,1005,4,2015
2126,2126,80,51st_springdale,51st_manor,1020,4,2015
2127,2127,73,51st_springdale,51st_manor,1035,4,2015
2128,2128,69,51st_springdale,51st_manor,1050,4,2015
2129,2129,69,51st_springdale,51st_manor,1065,4,2015
2130,2130,69,51st_springdale,51st_manor,1080,4,2015
2131,2131,71,51st_springdale,51st_manor,1095,4,2015
2132,2132,67,51st_springdale,51st_manor,1110,4,2015
2133,2133,68,51st_springdale,51st_manor,1125,4,2015
2134,2134,69,51st_springdale,51st_manor,1140,4,2015
2135,2135,66,51st_springdale,51st_manor,1155,4,2015
2136,2136,68,51st_springdale,51st_manor,1170,4,2015
2137,2137,72,51st_springdale,51st_manor,1185,4,2015
2138,2138,71,51st_springdale,51st_manor,1200,4,2015
2139,2139,70,51st_springdale,51st_manor,1215,4,2015
2140,2140,67,51st_springdale,51st_manor,1230,4,2015
2141,2141,70,51st_springdale,51st_manor,1245,4,2015
2142,2142,70,51st_springdale,51st_manor,1260,4,2015
2143,2143,73,51st_springdale,51st_manor,1275,4,2015
2144,2144,71,51st_springdale,51st_manor,1290,4,2015
2145,2145,80,51st_springdale,51st_manor,1305,4,2015
2146,2146,70,51st_springdale,51st_manor,1320,4,2015
2147,2147,78,51st_springdale,51st_manor,1335,4,2015
2148,2148,74,51st_springdale,51st_manor,1350,4,2015
2149,2149,75,51st_springdale,51st_manor,1365,4,2015
2150,2150,73,51st_springdale,51st_manor,1380,4,2015
2151,2151,74,51st_springdale,51st_manor,1395,4,2015
2152,2152,85,51st_springdale,51st_manor,1410,4,2015
2153,2153,77,51st_springdale,51st_manor,1425,4,2015
2154,2154,77,51st_springdale,51st_manor,0,5,2015
2155,2155,73,51st_springdale,51st_manor,15,5,2015
2156,2156,79,51st_springdale,51st_manor,30,5,2015
2157,2157,76,51st_springdale,51st_manor,45,5,2015
2158,2158,84,51st_springdale,51st_manor,60,5,2015
2159,2159,71,51st_springdale,51st_manor,75,5,2015
2160,2160,78,51st_springdale,51st_manor,90,5,2015
2161,2161,71,51st_springdale,51st_manor,105,5,2015
2162,2162,77,51st_springdale,51st_manor,120,5,2015
2163,2163,79,51st_springdale,51st_manor,135,5,2015
2164,2164,81,51st_springdale,51st_manor,150,5,2015
2165,2165,80,51st_springdale,51st_manor,165,5,2015
2166,2166,74,51st_springdale,51st_manor,180,5,2015
2167,2167,72,51st_springdale,51st_manor,195,5,2015
2168,2168,74,51st_springdale,51st_manor,210,5,2015
2169,2169,72,51st_springdale,51st_manor,225,5,2015
2170,2170,73,51st_springdale,51st_manor,240,5,2015
2171,2171,71,51st_springdale,51st_manor,255,5,2015
2172,2172,85,51st_springdale,51st_manor,270,5,2015
2173,2173,77,51st_springdale,51st_manor,285,5,2015
2174,2174,74,51st_springdale,51st_manor,300,5,2015
2175,2175,74,51st_springdale,51st_manor,315,5,2015
2176,2176,75,51st_springdale,51st_manor,330,5,2015
2177,2177,86,51st_springdale,51st_manor,345,5,2015
2178,2178,63,51st_springdale,51st_manor,360,5,2015
2179,2179,70,51st_springdale,51st_manor,375,5,2015
2180,2180,74,51st_springdale,51st_manor,390,5,2015
2181,2181,81,51st_springdale,51st_manor,405,5,2015
2182,2182,64,51st_springdale,51st_manor,420,5,2015
2183,2183,57,51st_springdale,51st_manor,435,5,2015
2184,2184,77,51st_springdale,51st_manor,450,5,2015
2185,2185,70,51st_springdale,51st_manor,480,5,2015
2186,2186,67,51st_springdale,51st_manor,495,5,2015
2187,2187,83,51st_springdale,51st_manor,510,5,2015
2188,2188,76,51st_springdale,51st_manor,525,5,2015
2189,2189,79,51st_springdale,51st_manor,555,5,2015
2190,2190,69,51st_springdale,51st_manor,570,5,2015
2191,2191,70,51st_springdale,51st_manor,585,5,2015
2192,2192,86,51st_springdale,51st_manor,600,5,2015
2193,2193,92,51st_springdale,51st_manor,705,5,2015
2194,2194,72,51st_springdale,51st_manor,720,5,2015
2195,2195,67,51st_springdale,51st_manor,735,5,2015
2196,2196,71,51st_springdale,51st_manor,750,5,2015
2197,2197,69,51st_springdale,51st_manor,765,5,2015
2198,2198,87,51st_springdale,51st_manor,780,5,2015
2199,2199,52,51st_springdale,51st_manor,795,5,2015
2200,2200,74,51st_springdale,51st_manor,810,5,2015
2201,2201,80,51st_springdale,51st_manor,825,5,2015
2202,2202,81,51st_springdale,51st_manor,840,5,2015
2203,2203,86,51st_springdale,51st_manor,855,5,2015
2204,2204,87,51st_springdale,51st_manor,870,5,2015
2205,2205,75,51st_springdale,51st_manor,885,5,2015
2206,2206,82,51st_springdale,51st_manor,900,5,2015
2207,2207,69,51st_springdale,51st_manor,915,5,2015
2208,2208,72,51st_springdale,51st_manor,930,5,2015
2209,2209,69,51st_springdale,51st_manor,945,5,2015
2210,2210,73,51st_springdale,51st_manor,960,5,2015
2211,2211,73,51st_springdale,51st_manor,975,5,2015
2212,2212,71,51st_springdale,51st_manor,990,5,2015
2213,2213,67,51st_springdale,51st_manor,1005,5,2015
2214,2214,77,51st_springdale,51st_manor,1020,5,2015
2215,2215,67,51st_springdale,51st_manor,1035,5,2015
2216,2216,74,51st_springdale,51st_manor,1050,5,2015
2217,2217,71,51st_springdale,51st_manor,1065,5,2015
2218,2218,67,51st_springdale,51st_manor,1080,5,2015
2219,2219,71,51st_springdale,51st_manor,1095,5,2015
2220,2220,74,51st_springdale,51st_manor,1110,5,2015
2221,2221,71,51st_springdale,51st_manor,1125,5,2015
2222,2222,70,51st_springdale,51st_manor,1140,5,2015
2223,2223,75,51st_springdale,51st_manor,1155,5,2015
2224,2224,74,51st_springdale,51st_manor,1170,5,2015
2225,2225,75,51st_springdale,51st_manor,1185,5,2015
2226,2226,77,51st_springdale,51st_manor,1200,5,2015
2227,2227,71,51st_springdale,51st_manor,1215,5,2015
2228,2228,78,51st_springdale,51st_manor,1230,5,2015
2229,2229,72,51st_springdale,51st_manor,1245,5,2015
2230,2230,75,51st_springdale,51st_manor,1260,5,2015
2231,2231,77,51st_springdale,51st_manor,1275,5,2015
2232,2232,76,51st_springdale,51st_manor,1290,5,2015
2233,2233,76,51st_springdale,51st_manor,1305,5,2015
2234,2234,70,51st_springdale,51st_manor,1320,5,2015
2235,2235,75,51st_springdale,51st_manor,1335,5,2015
2236,2236,70,51st_springdale,51st_manor,1350,5,2015
2237,2237,67,51st_springdale,51st_manor,1365,5,2015
2238,2238,71,51st_springdale,51st_manor,1380,5,2015
2239,2239,65,51st_springdale,51st_manor,1395,5,2015
2240,2240,66,51st_springdale,51st_manor,1410,5,2015
2241,2241,69,51st_springdale,51st_manor,1425,5,2015
2242,2242,72,51st_springdale,51st_manor,0,6,2015
2243,2243,74,51st_springdale,51st_manor,15,6,2015
2244,2244,76,51st_springdale,51st_manor,30,6,2015
2245,2245,69,51st_springdale,51st_manor,45,6,2015
2246,2246,71,51st_springdale,51st_manor,60,6,2015
2247,2247,71,51st_springdale,51st_manor,75,6,2015
2248,2248,71,51st_springdale,51st_manor,90,6,2015
2249,2249,68,51st_springdale,51st_manor,105,6,2015
2250,2250,73,51st_springdale,51st_manor,120,6,2015
2251,2251,73,51st_springdale,51st_manor,135,6,2015
2252,2252,73,51st_springdale,51st_manor,150,6,2015
2253,2253,67,51st_springdale,51st_manor,165,6,2015
2254,2254,75,51st_springdale,51st_manor,180,6,2015
2255,2255,76,51st_springdale,51st_manor,195,6,2015
2256,2256,78,51st_springdale,51st_manor,210,6,2015
2257,2257,82,51st_springdale,51st_manor,225,6,2015
2258,2258,76,51st_springdale,51st_manor,240,6,2015
2259,2259,76,51st_springdale,51st_manor,255,6,2015
2260,2260,68,51st_springdale,51st_manor,270,6,2015
2261,2261,76,51st_springdale,51st_manor,285,6,2015
2262,2262,88,51st_springdale,51st_manor,300,6,2015
2263,2263,83,51st_springdale,51st_manor,315,6,2015
2264,2264,81,51st_springdale,51st_manor,330,6,2015
2265,2265,66,51st_springdale,51st_manor,345,6,2015
2266,2266,72,51st_springdale,51st_manor,360,6,2015
2267,2267,82,51st_springdale,51st_manor,375,6,2015
2268,2268,71,51st_springdale,51st_manor,390,6,2015
2269,2269,72,51st_springdale,51st_manor,405,6,2015
2270,2270,77,51st_springdale,51st_manor,420,6,2015
2271,2271,84,51st_springdale,51st_manor,435,6,2015
2272,2272,78,51st_springdale,51st_manor,450,6,2015
2273,2273,94,51st_springdale,51st_manor,480,6,2015
2274,2274,66,51st_springdale,51st_manor,495,6,2015
2275,2275,69,51st_springdale,51st_manor,510,6,2015
2276,2276,68,51st_springdale,51st_manor,525,6,2015
2277,2277,76,51st_springdale,51st_manor,540,6,2015
2278,2278,93,51st_springdale,51st_manor,675,6,2015
2279,2279,103,51st_springdale,51st_manor,690,6,2015
2280,2280,78,51st_springdale,51st_manor,705,6,2015
2281,2281,67,51st_springdale,51st_manor,720,6,2015
2282,2282,55,51st_springdale,51st_manor,765,6,2015
2283,2283,83,51st_springdale,51st_manor,780,6,2015
2284,2284,80,51st_springdale,51st_manor,795,6,2015
2285,2285,67,51st_springdale,51st_manor,810,6,2015
2286,2286,74,51st_springdale,51st_manor,825,6,2015
2287,2287,79,51st_springdale,51st_manor,840,6,2015
2288,2288,68,51st_springdale,51st_manor,855,6,2015
2289,2289,75,51st_springdale,51st_manor,870,6,2015
2290,2290,77,51st_springdale,51st_manor,885,6,2015
2291,2291,75,51st_springdale,51st_manor,900,6,2015
2292,2292,74,51st_springdale,51st_manor,915,6,2015
2293,2293,69,51st_springdale,51st_manor,930,6,2015
2294,2294,65,51st_springdale,51st_manor,945,6,2015
2295,2295,71,51st_springdale,51st_manor,960,6,2015
2296,2296,71,51st_springdale,51st_manor,975,6,2015
2297,2297,76,51st_springdale,51st_manor,990,6,2015
2298,2298,65,51st_springdale,51st_manor,1005,6,2015
2299,2299,70,51st_springdale,51st_manor,1020,6,2015
2300,2300,75,51st_springdale,51st_manor,1035,6,2015
2301,2301,71,51st_springdale,51st_manor,1050,6,2015
2302,2302,70,51st_springdale,51st_manor,1065,6,2015
2303,2303,74,51st_springdale,51st_manor,1080,6,2015
2304,2304,74,51st_springdale,51st_manor,1095,6,2015
2305,2305,71,51st_springdale,51st_manor,1110,6,2015
2306,2306,72,51st_springdale,51st_manor,1125,6,2015
2307,2307,68,51st_springdale,51st_manor,1140,6,2015
2308,2308,70,51st_springdale,51st_manor,1155,6,2015
2309,2309,71,51st_springdale,51st_manor,1170,6,2015
2310,2310,70,51st_springdale,51st_manor,1185,6,2015
2311,2311,68,51st_springdale,51st_manor,1200,6,2015
2312,2312,69,51st_springdale,51st_manor,1215,6,2015
2313,2313,68,51st_springdale,51st_manor,1230,6,2015
2314,2314,72,51st_springdale,51st_manor,1245,6,2015
2315,2315,67,51st_springdale,51st_manor,1260,6,2015
2316,2316,70,51st_springdale,51st_manor,1275,6,2015
2317,2317,74,51st_springdale,51st_manor,1290,6,2015
2318,2318,70,51st_springdale,51st_manor,1305,6,2015
2319,2319,76,51st_springdale,51st_manor,1320,6,2015
2320,2320,76,51st_springdale,51st_manor,1335,6,2015
2321,2321,72,51st_springdale,51st_manor,1350,6,2015
2322,2322,73,51st_springdale,51st_manor,1365,6,2015
2323,2323,72,51st_springdale,51st_manor,1380,6,2015
2324,2324,72,51st_springdale,51st_manor,1395,6,2015
2325,2325,67,51st_springdale,51st_manor,1410,6,2015
2326,2326,72,51st_springdale,51st_manor,1425,6,2015
2327,2327,73,51st_springdale,51st_manor,0,0,2016
2328,2328,72,51st_springdale,51st_manor,15,0,2016
2329,2329,73,51st_springdale,51st_manor,30,0,2016
2330,2330,74,51st_springdale,51st_manor,45,0,2016
2331,2331,74,51st_springdale,51st_manor,60,0,2016
2332,2332,73,51st_springdale,51st_manor,75,0,2016
2333,2333,73,51st_springdale,51st_manor,90,0,2016
2334,2334,73,51st_springdale,51st_manor,105,0,2016
2335,2335,74,51st_springdale,51st_manor,120,0,2016
2336,2336,75,51st_springdale,51st_manor,135,0,2016
2337,2337,76,51st_springdale,51st_manor,150,0,2016
2338,2338,73,51st_springdale,51st_manor,165,0,2016
2339,2339,73,51st_springdale,51st_manor,180,0,2016
2340,2340,72,51st_springdale,51st_manor,195,0,2016
2341,2341,75,51st_springdale,51st_manor,210,0,2016
2342,2342,74,51st_springdale,51st_manor,225,0,2016
2343,2343,78,51st_springdale,51st_manor,240,0,2016
2344,2344,73,51st_springdale,51st_manor,255,0,2016
2345,2345,73,51st_springdale,51st_manor,270,0,2016
2346,2346,73,51st_springdale,51st_manor,285,0,2016
2347,2347,70,51st_springdale,51st_manor,300,0,2016
2348,2348,76,51st_springdale,51st_manor,315,0,2016
2349,2349,74,51st_springdale,51st_manor,330,0,2016
2350,2350,78,51st_springdale,51st_manor,345,0,2016
2351,2351,67,51st_springdale,51st_manor,360,0,2016
2352,2352,67,51st_springdale,51st_manor,375,0,2016
2353,2353,83,51st_springdale,51st_manor,390,0,2016
2354,2354,78,51st_springdale,51st_manor,405,0,2016
2355,2355,72,51st_springdale,51st_manor,420,0,2016
2356,2356,70,51st_springdale,51st_manor,435,0,2016
2357,2357,70,51st_springdale,51st_manor,465,0,2016
2358,2358,65,51st_springdale,51st_manor,480,0,2016
2359,2359,57,51st_springdale,51st_manor,495,0,2016
2360,2360,75,51st_springdale,51st_manor,510,0,2016
2361,2361,65,51st_springdale,51st_manor,525,0,2016
2362,2362,124,51st_springdale,51st_manor,555,0,2016
2363,2363,82,51st_springdale,51st_manor,570,0,2016
2364,2364,65,51st_springdale,51st_manor,585,0,2016
2365,2365,79,51st_springdale,51st_manor,600,0,2016
2366,2366,68,51st_springdale,51st_manor,615,0,2016
2367,2367,69,51st_springdale,51st_manor,630,0,2016
2368,2368,73,51st_springdale,51st_manor,645,0,2016
2369,2369,78,51st_springdale,51st_manor,660,0,2016
2370,2370,73,51st_springdale,51st_manor,675,0,2016
2371,2371,73,51st_springdale,51st_manor,690,0,2016
2372,2372,73,51st_springdale,51st_manor,705,0,2016
2373,2373,72,51st_springdale,51st_manor,720,0,2016
2374,2374,70,51st_springdale,51st_manor,735,0,2016
2375,2375,69,51st_springdale,51st_manor,750,0,2016
2376,2376,70,51st_springdale,51st_manor,765,0,2016
2377,2377,71,51st_springdale,51st_manor,780,0,2016
2378,2378,76,51st_springdale,51st_manor,795,0,2016
2379,2379,74,51st_springdale,51st_manor,810,0,2016
2380,2380,75,51st_springdale,51st_manor,825,0,2016
2381,2381,72,51st_springdale,51st_manor,840,0,2016
2382,2382,74,51st_springdale,51st_manor,855,0,2016
2383,2383,70,51st_springdale,51st_manor,870,0,2016
2384,2384,75,51st_springdale,51st_manor,885,0,2016
2385,2385,73,51st_springdale,51st_manor,900,0,2016
2386,2386,72,51st_springdale,51st_manor,915,0,2016
2387,2387,74,51st_springdale,51st_manor,930,0,2016
2388,2388,71,51st_springdale,51st_manor,945,0,2016
2389,2389,72,51st_springdale,51st_manor,960,0,2016
2390,2390,74,51st_springdale,51st_manor,975,0,2016
2391,2391,73,51st_springdale,51st_manor,990,0,2016
2392,2392,74,51st_springdale,51st_manor,1005,0,2016
2393,2393,73,51st_springdale,51st_manor,1020,0,2016
2394,2394,76,51st_springdale,51st_manor,1035,0,2016
2395,2395,75,51st_springdale,51st_manor,1050,0,2016
2396,2396,74,51st_springdale,51st_manor,1065,0,2016
2397,2397,76,51st_springdale,51st_manor,1080,0,2016
2398,2398,77,51st_springdale,51st_manor,1095,0,2016
2399,2399,75,51st_springdale,51st_manor,1110,0,2016
2400,2400,74,51st_springdale,51st_manor,1125,0,2016
2401,2401,75,51st_springdale,51st_manor,1140,0,2016
2402,2402,75,51st_springdale,51st_manor,1155,0,2016
2403,2403,75,51st_springdale,51st_manor,1170,0,2016
2404,2404,78,51st_springdale,51st_manor,1185,0,2016
2405,2405,77,51st_springdale,51st_manor,1200,0,2016
2406,2406,79,51st_springdale,51st_manor,1215,0,2016
2407,2407,75,51st_springdale,51st_manor,1230,0,2016
2408,2408,77,51st_springdale,51st_manor,1245,0,2016
2409,2409,80,51st_springdale,51st_manor,1260,0,2016
2410,2410,78,51st_springdale,51st_manor,1275,0,2016
2411,2411,77,51st_springdale,51st_manor,1290,0,2016
2412,2412,81,51st_springdale,51st_manor,1305,0,2016
2413,2413,83,51st_springdale,51st_manor,1320,0,2016
2414,2414,88,51st_springdale,51st_manor,1335,0,2016
2415,2415,89,51st_springdale,51st_manor,1350,0,2016
2416,2416,91,51st_springdale,51st_manor,1365,0,2016
2417,2417,85,51st_springdale,51st_manor,1380,0,2016
2418,2418,88,51st_springdale,51st_manor,1395,0,2016
2419,2419,84,51st_springdale,51st_manor,1410,0,2016
2420,2420,81,51st_springdale,51st_manor,1425,0,2016
2421,2421,76,51st_springdale,51st_manor,0,1,2016
2422,2422,78,51st_springdale,51st_manor,15,1,2016
2423,2423,77,51st_springdale,51st_manor,30,1,2016
2424,2424,76,51st_springdale,51st_manor,45,1,2016
2425,2425,80,51st_springdale,51st_manor,60,1,2016
2426,2426,78,51st_springdale,51st_manor,75,1,2016
2427,2427,79,51st_springdale,51st_manor,90,1,2016
2428,2428,78,51st_springdale,51st_manor,105,1,2016
2429,2429,75,51st_springdale,51st_manor,120,1,2016
2430,2430,75,51st_springdale,51st_manor,135,1,2016
2431,2431,75,51st_springdale,51st_manor,150,1,2016
2432,2432,74,51st_springdale,51st_manor,165,1,2016
2433,2433,72,51st_springdale,51st_manor,180,1,2016
2434,2434,73,51st_springdale,51st_manor,195,1,2016
2435,2435,76,51st_springdale,51st_manor,210,1,2016
2436,2436,71,51st_springdale,51st_manor,225,1,2016
2437,2437,74,51st_springdale,51st_manor,240,1,2016
2438,2438,77,51st_springdale,51st_manor,255,1,2016
2439,2439,71,51st_springdale,51st_manor,270,1,2016
2440,2440,75,51st_springdale,51st_manor,285,1,2016
2441,2441,75,51st_springdale,51st_manor,300,1,2016
2442,2442,79,51st_springdale,51st_manor,315,1,2016
2443,2443,69,51st_springdale,51st_manor,330,1,2016
2444,2444,72,51st_springdale,51st_manor,345,1,2016
2445,2445,88,51st_springdale,51st_manor,360,1,2016
2446,2446,82,51st_springdale,51st_manor,375,1,2016
2447,2447,77,51st_springdale,51st_manor,390,1,2016
2448,2448,75,51st_springdale,51st_manor,405,1,2016
2449,2449,82,51st_springdale,51st_manor,420,1,2016
2450,2450,60,51st_springdale,51st_manor,435,1,2016
2451,2451,64,51st_springdale,51st_manor,450,1,2016
2452,2452,63,51st_springdale,51st_manor,465,1,2016
2453,2453,72,51st_springdale,51st_manor,480,1,2016
2454,2454,71,51st_springdale,51st_manor,495,1,2016
2455,2455,78,51st_springdale,51st_manor,510,1,2016
2456,2456,68,51st_springdale,51st_manor,525,1,2016
2457,2457,62,51st_springdale,51st_manor,540,1,2016
2458,2458,84,51st_springdale,51st_manor,555,1,2016
2459,2459,98,51st_springdale,51st_manor,570,1,2016
2460,2460,82,51st_springdale,51st_manor,585,1,2016
2461,2461,94,51st_springdale,51st_manor,600,1,2016
2462,2462,136,51st_springdale,51st_manor,615,1,2016
2463,2463,80,51st_springdale,51st_manor,630,1,2016
2464,2464,73,51st_springdale,51st_manor,645,1,2016
2465,2465,76,51st_springdale,51st_manor,660,1,2016
2466,2466,67,51st_springdale,51st_manor,675,1,2016
2467,2467,69,51st_springdale,51st_manor,690,1,2016
2468,2468,71,51st_springdale,51st_manor,705,1,2016
2469,2469,72,51st_springdale,51st_manor,720,1,2016
2470,2470,71,51st_springdale,51st_manor,735,1,2016
2471,2471,74,51st_springdale,51st_manor,750,1,2016
2472,2472,75,51st_springdale,51st_manor,765,1,2016
2473,2473,75,51st_springdale,51st_manor,780,1,2016
2474,2474,78,51st_springdale,51st_manor,795,1,2016
2475,2475,73,51st_springdale,51st_manor,810,1,2016
2476,2476,72,51st_springdale,51st_manor,825,1,2016
2477,2477,71,51st_springdale,51st_manor,840,1,2016
2478,2478,72,51st_springdale,51st_manor,855,1,2016
2479,2479,75,51st_springdale,51st_manor,870,1,2016
2480,2480,74,51st_springdale,51st_manor,885,1,2016
2481,2481,72,51st_springdale,51st_manor,900,1,2016
2482,2482,72,51st_springdale,51st_manor,915,1,2016
2483,2483,74,51st_springdale,51st_manor,930,1,2016
2484,2484,75,51st_springdale,51st_manor,945,1,2016
2485,2485,74,51st_springdale,51st_manor,960,1,2016
2486,2486,75,51st_springdale,51st_manor,975,1,2016
2487,2487,76,51st_springdale,51st_manor,990,1,2016
2488,2488,75,51st_springdale,51st_manor,1005,1,2016
2489,2489,72,51st_springdale,51st_manor,1020,1,2016
2490,2490,73,51st_springdale,51st_manor,1035,1,2016
2491,2491,74,51st_springdale,51st_manor,1050,1,2016
2492,2492,76,51st_springdale,51st_manor,1065,1,2016
2493,2493,76,51st_springdale,51st_manor,1080,1,2016
2494,2494,74,51st_springdale,51st_manor,1095,1,2016
2495,2495,75,51st_springdale,51st_manor,1110,1,2016
2496,2496,76,51st_springdale,51st_manor,1125,1,2016
2497,2497,77,51st_springdale,51st_manor,1140,1,2016
2498,2498,77,51st_springdale,51st_manor,1155,1,2016
2499,2499,76,51st_springdale,51st_manor,1170,1,2016
2500,2500,77,51st_springdale,51st_manor,1185,1,2016
2501,2501,78,51st_springdale,51st_manor,1200,1,2016
2502,2502,79,51st_springdale,51st_manor,1215,1,2016
2503,2503,79,51st_springdale,51st_manor,1230,1,2016
2504,2504,81,51st_springdale,51st_manor,1245,1,2016
2505,2505,80,51st_springdale,51st_manor,1260,1,2016
2506,2506,83,51st_springdale,51st_manor,1275,1,2016
2507,2507,82,51st_springdale,51st_manor,1290,1,2016
2508,2508,78,51st_springdale,51st_manor,1305,1,2016
2509,2509,78,51st_springdale,51st_manor,1320,1,2016
2510,2510,82,51st_springdale,51st_manor,1335,1,2016
2511,2511,94,51st_springdale,51st_manor,1350,1,2016
2512,2512,90,51st_springdale,51st_manor,1365,1,2016
2513,2513,85,51st_springdale,51st_manor,1380,1,2016
2514,2514,86,51st_springdale,51st_manor,1395,1,2016
2515,2515,84,51st_springdale,51st_manor,1410,1,2016
2516,2516,83,51st_springdale,51st_manor,1425,1,2016
2517,2517,87,51st_springdale,51st_manor,0,2,2016
2518,2518,81,51st_springdale,51st_manor,15,2,2016
2519,2519,79,51st_springdale,51st_manor,30,2,2016
2520,2520,78,51st_springdale,51st_manor,45,2,2016
2521,2521,76,51st_springdale,51st_manor,60,2,2016
2522,2522,77,51st_springdale,51st_manor,75,2,2016
2523,2523,77,51st_springdale,51st_manor,90,2,2016
2524,2524,74,51st_springdale,51st_manor,91,2,2016
2525,2525,79,51st_springdale,51st_manor,105,2,2016
2526,2526,78,51st_springdale,51st_manor,120,2,2016
2527,2527,75,51st_springdale,51st_manor,135,2,2016
2528,2528,77,51st_springdale,51st_manor,150,2,2016
2529,2529,73,51st_springdale,51st_manor,165,2,2016
2530,2530,74,51st_springdale,51st_manor,180,2,2016
2531,2531,74,51st_springdale,51st_manor,195,2,2016
2532,2532,76,51st_springdale,51st_manor,210,2,2016
2533,2533,75,51st_springdale,51st_manor,225,2,2016
2534,2534,75,51st_springdale,51st_manor,240,2,2016
2535,2535,76,51st_springdale,51st_manor,255,2,2016
2536,2536,75,51st_springdale,51st_manor,270,2,2016
2537,2537,72,51st_springdale,51st_manor,285,2,2016
2538,2538,75,51st_springdale,51st_manor,300,2,2016
2539,2539,74,51st_springdale,51st_manor,315,2,2016
2540,2540,73,51st_springdale,51st_manor,330,2,2016
2541,2541,73,51st_springdale,51st_manor,345,2,2016
2542,2542,78,51st_springdale,51st_manor,360,2,2016
2543,2543,73,51st_springdale,51st_manor,375,2,2016
2544,2544,68,51st_springdale,51st_manor,390,2,2016
2545,2545,70,51st_springdale,51st_manor,405,2,2016
2546,2546,73,51st_springdale,51st_manor,420,2,2016
2547,2547,67,51st_springdale,51st_manor,435,2,2016
2548,2548,74,51st_springdale,51st_manor,450,2,2016
2549,2549,78,51st_springdale,51st_manor,465,2,2016
2550,2550,78,51st_springdale,51st_manor,480,2,2016
2551,2551,82,51st_springdale,51st_manor,495,2,2016
2552,2552,68,51st_springdale,51st_manor,510,2,2016
2553,2553,67,51st_springdale,51st_manor,525,2,2016
2554,2554,61,51st_springdale,51st_manor,540,2,2016
2555,2555,98,51st_springdale,51st_manor,555,2,2016
2556,2556,47,51st_springdale,51st_manor,570,2,2016
2557,2557,93,51st_springdale,51st_manor,585,2,2016
2558,2558,119,51st_springdale,51st_manor,600,2,2016
2559,2559,79,51st_springdale,51st_manor,615,2,2016
2560,2560,69,51st_springdale,51st_manor,630,2,2016
2561,2561,72,51st_springdale,51st_manor,645,2,2016
2562,2562,75,51st_springdale,51st_manor,660,2,2016
2563,2563,71,51st_springdale,51st_manor,675,2,2016
2564,2564,74,51st_springdale,51st_manor,690,2,2016
2565,2565,73,51st_springdale,51st_manor,705,2,2016
2566,2566,74,51st_springdale,51st_manor,720,2,2016
2567,2567,73,51st_springdale,51st_manor,735,2,2016
2568,2568,73,51st_springdale,51st_manor,750,2,2016
2569,2569,74,51st_springdale,51st_manor,765,2,2016
2570,2570,71,51st_springdale,51st_manor,780,2,2016
2571,2571,71,51st_springdale,51st_manor,795,2,2016
2572,2572,71,51st_springdale,51st_manor,810,2,2016
2573,2573,74,51st_springdale,51st_manor,825,2,2016
2574,2574,72,51st_springdale,51st_manor,840,2,2016
2575,2575,74,51st_springdale,51st_manor,855,2,2016
2576,2576,73,51st_springdale,51st_manor,870,2,2016
2577,2577,75,51st_springdale,51st_manor,885,2,2016
2578,2578,73,51st_springdale,51st_manor,900,2,2016
2579,2579,75,51st_springdale,51st_manor,915,2,2016
2580,2580,74,51st_springdale,51st_manor,930,2,2016
2581,2581,73,51st_springdale,51st_manor,945,2,2016
2582,2582,74,51st_springdale,51st_manor,960,2,2016
2583,2583,74,51st_springdale,51st_manor,975,2,2016
2584,2584,74,51st_springdale,51st_manor,990,2,2016
2585,2585,74,51st_springdale,51st_manor,1005,2,2016
2586,2586,73,51st_springdale,51st_manor,1020,2,2016
2587,2587,74,51st_springdale,51st_manor,1035,2,2016
2588,2588,75,51st_springdale,51st_manor,1050,2,2016
2589,2589,75,51st_springdale,51st_manor,1065,2,2016
2590,2590,74,51st_springdale,51st_manor,1080,2,2016
2591,2591,74,51st_springdale,51st_manor,1095,2,2016
2592,2592,74,51st_springdale,51st_manor,1110,2,2016
2593,2593,76,51st_springdale,51st_manor,1125,2,2016
2594,2594,74,51st_springdale,51st_manor,1140,2,2016
2595,2595,76,51st_springdale,51st_manor,1155,2,2016
2596,2596,75,51st_springdale,51st_manor,1170,2,2016
2597,2597,73,51st_springdale,51st_manor,1185,2,2016
2598,2598,75,51st_springdale,51st_manor,1200,2,2016
2599,2599,79,51st_springdale,51st_manor,1215,2,2016
2600,2600,79,51st_springdale,51st_manor,1230,2,2016
2601,2601,76,51st_springdale,51st_manor,1245,2,2016
2602,2602,77,51st_springdale,51st_manor,1260,2,2016
2603,2603,78,51st_springdale,51st_manor,1275,2,2016
2604,2604,77,51st_springdale,51st_manor,1290,2,2016
2605,2605,76,51st_springdale,51st_manor,1305,2,2016
2606,2606,78,51st_springdale,51st_manor,1320,2,2016
2607,2607,86,51st_springdale,51st_manor,1335,2,2016
2608,2608,88,51st_springdale,51st_manor,1350,2,2016
2609,2609,83,51st_springdale,51st_manor,1365,2,2016
2610,2610,82,51st_springdale,51st_manor,1380,2,2016
2611,2611,82,51st_springdale,51st_manor,1395,2,2016
2612,2612,80,51st_springdale,51st_manor,1410,2,2016
2613,2613,80,51st_springdale,51st_manor,1425,2,2016
2614,2614,79,51st_springdale,51st_manor,0,3,2016
2615,2615,78,51st_springdale,51st_manor,15,3,2016
2616,2616,77,51st_springdale,51st_manor,30,3,2016
2617,2617,79,51st_springdale,51st_manor,45,3,2016
2618,2618,79,51st_springdale,51st_manor,60,3,2016
2619,2619,78,51st_springdale,51st_manor,75,3,2016
2620,2620,80,51st_springdale,51st_manor,90,3,2016
2621,2621,76,51st_springdale,51st_manor,105,3,2016
2622,2622,78,51st_springdale,51st_manor,120,3,2016
2623,2623,78,51st_springdale,51st_manor,135,3,2016
2624,2624,76,51st_springdale,51st_manor,150,3,2016
2625,2625,77,51st_springdale,51st_manor,165,3,2016
2626,2626,75,51st_springdale,51st_manor,180,3,2016
2627,2627,77,51st_springdale,51st_manor,195,3,2016
2628,2628,74,51st_springdale,51st_manor,210,3,2016
2629,2629,76,51st_springdale,51st_manor,225,3,2016
2630,2630,74,51st_springdale,51st_manor,240,3,2016
2631,2631,73,51st_springdale,51st_manor,255,3,2016
2632,2632,71,51st_springdale,51st_manor,270,3,2016
2633,2633,73,51st_springdale,51st_manor,285,3,2016
2634,2634,76,51st_springdale,51st_manor,300,3,2016
2635,2635,77,51st_springdale,51st_manor,315,3,2016
2636,2636,73,51st_springdale,51st_manor,330,3,2016
2637,2637,73,51st_springdale,51st_manor,345,3,2016
2638,2638,73,51st_springdale,51st_manor,360,3,2016
2639,2639,74,51st_springdale,51st_manor,375,3,2016
2640,2640,74,51st_springdale,51st_manor,390,3,2016
2641,2641,77,51st_springdale,51st_manor,405,3,2016
2642,2642,70,51st_springdale,51st_manor,420,3,2016
2643,2643,71,51st_springdale,51st_manor,435,3,2016
2644,2644,73,51st_springdale,51st_manor,450,3,2016
2645,2645,79,51st_springdale,51st_manor,465,3,2016
2646,2646,73,51st_springdale,51st_manor,480,3,2016
2647,2647,71,51st_springdale,51st_manor,495,3,2016
2648,2648,74,51st_springdale,51st_manor,510,3,2016
2649,2649,72,51st_springdale,51st_manor,525,3,2016
2650,2650,98,51st_springdale,51st_manor,540,3,2016
2651,2651,71,51st_springdale,51st_manor,555,3,2016
2652,2652,69,51st_springdale,51st_manor,570,3,2016
2653,2653,86,51st_springdale,51st_manor,585,3,2016
2654,2654,89,51st_springdale,51st_manor,600,3,2016
2655,2655,82,51st_springdale,51st_manor,615,3,2016
2656,2656,77,51st_springdale,51st_manor,630,3,2016
2657,2657,75,51st_springdale,51st_manor,645,3,2016
2658,2658,77,51st_springdale,51st_manor,660,3,2016
2659,2659,72,51st_springdale,51st_manor,675,3,2016
2660,2660,71,51st_springdale,51st_manor,690,3,2016
2661,2661,72,51st_springdale,51st_manor,705,3,2016
2662,2662,74,51st_springdale,51st_manor,720,3,2016
2663,2663,76,51st_springdale,51st_manor,735,3,2016
2664,2664,72,51st_springdale,51st_manor,750,3,2016
2665,2665,74,51st_springdale,51st_manor,765,3,2016
2666,2666,77,51st_springdale,51st_manor,780,3,2016
2667,2667,71,51st_springdale,51st_manor,795,3,2016
2668,2668,73,51st_springdale,51st_manor,810,3,2016
2669,2669,73,51st_springdale,51st_manor,825,3,2016
2670,2670,71,51st_springdale,51st_manor,840,3,2016
2671,2671,71,51st_springdale,51st_manor,855,3,2016
2672,2672,71,51st_springdale,51st_manor,870,3,2016
2673,2673,72,51st_springdale,51st_manor,885,3,2016
2674,2674,76,51st_springdale,51st_manor,900,3,2016
2675,2675,75,51st_springdale,51st_manor,915,3,2016
2676,2676,72,51st_springdale,51st_manor,930,3,2016
2677,2677,74,51st_springdale,51st_manor,945,3,2016
2678,2678,75,51st_springdale,51st_manor,960,3,2016
2679,2679,74,51st_springdale,51st_manor,975,3,2016
2680,2680,76,51st_springdale,51st_manor,990,3,2016
2681,2681,75,51st_springdale,51st_manor,1005,3,2016
2682,2682,75,51st_springdale,51st_manor,1020,3,2016
2683,2683,74,51st_springdale,51st_manor,1035,3,2016
2684,2684,75,51st_springdale,51st_manor,1050,3,2016
2685,2685,76,51st_springdale,51st_manor,1065,3,2016
2686,2686,74,51st_springdale,51st_manor,1080,3,2016
2687,2687,76,51st_springdale,51st_manor,1095,3,2016
2688,2688,76,51st_springdale,51st_manor,1110,3,2016
2689,2689,76,51st_springdale,51st_manor,1125,3,2016
2690,2690,74,51st_springdale,51st_manor,1140,3,2016
2691,2691,75,51st_springdale,51st_manor,1155,3,2016
2692,2692,76,51st_springdale,51st_manor,1170,3,2016
2693,2693,77,51st_springdale,51st_manor,1185,3,2016
2694,2694,78,51st_springdale,51st_manor,1200,3,2016
2695,2695,80,51st_springdale,51st_manor,1215,3,2016
2696,2696,81,51st_springdale,51st_manor,1230,3,2016
2697,2697,79,51st_springdale,51st_manor,1245,3,2016
2698,2698,76,51st_springdale,51st_manor,1260,3,2016
2699,2699,80,51st_springdale,51st_manor,1275,3,2016
2700,2700,85,51st_springdale,51st_manor,1290,3,2016
2701,2701,81,51st_springdale,51st_manor,1305,3,2016
2702,2702,79,51st_springdale,51st_manor,1320,3,2016
2703,2703,88,51st_springdale,51st_manor,1335,3,2016
2704,2704,93,51st_springdale,51st_manor,1350,3,2016
2705,2705,90,51st_springdale,51st_manor,1365,3,2016
2706,2706,83,51st_springdale,51st_manor,1380,3,2016
2707,2707,86,51st_springdale,51st_manor,1395,3,2016
2708,2708,84,51st_springdale,51st_manor,1410,3,2016
2709,2709,80,51st_springdale,51st_manor,1425,3,2016
2710,2710,78,51st_springdale,51st_manor,0,4,2016
2711,2711,76,51st_springdale,51st_manor,15,4,2016
2712,2712,76,51st_springdale,51st_manor,30,4,2016
2713,2713,75,51st_springdale,51st_manor,45,4,2016
2714,2714,76,51st_springdale,51st_manor,60,4,2016
2715,2715,79,51st_springdale,51st_manor,75,4,2016
2716,2716,79,51st_springdale,51st_manor,90,4,2016
2717,2717,77,51st_springdale,51st_manor,105,4,2016
2718,2718,76,51st_springdale,51st_manor,120,4,2016
2719,2719,76,51st_springdale,51st_manor,135,4,2016
2720,2720,76,51st_springdale,51st_manor,150,4,2016
2721,2721,75,51st_springdale,51st_manor,165,4,2016
2722,2722,74,51st_springdale,51st_manor,180,4,2016
2723,2723,75,51st_springdale,51st_manor,195,4,2016
2724,2724,74,51st_springdale,51st_manor,210,4,2016
2725,2725,75,51st_springdale,51st_manor,225,4,2016
2726,2726,73,51st_springdale,51st_manor,240,4,2016
2727,2727,74,51st_springdale,51st_manor,255,4,2016
2728,2728,75,51st_springdale,51st_manor,270,4,2016
2729,2729,75,51st_springdale,51st_manor,285,4,2016
2730,2730,78,51st_springdale,51st_manor,300,4,2016
2731,2731,76,51st_springdale,51st_manor,315,4,2016
2732,2732,76,51st_springdale,51st_manor,330,4,2016
2733,2733,73,51st_springdale,51st_manor,345,4,2016
2734,2734,73,51st_springdale,51st_manor,360,4,2016
2735,2735,70,51st_springdale,51st_manor,375,4,2016
2736,2736,74,51st_springdale,51st_manor,390,4,2016
2737,2737,71,51st_springdale,51st_manor,405,4,2016
2738,2738,65,51st_springdale,51st_manor,420,4,2016
2739,2739,64,51st_springdale,51st_manor,435,4,2016
2740,2740,74,51st_springdale,51st_manor,450,4,2016
2741,2741,75,51st_springdale,51st_manor,465,4,2016
2742,2742,72,51st_springdale,51st_manor,480,4,2016
2743,2743,69,51st_springdale,51st_manor,495,4,2016
2744,2744,73,51st_springdale,51st_manor,510,4,2016
2745,2745,66,51st_springdale,51st_manor,525,4,2016
2746,2746,65,51st_springdale,51st_manor,540,4,2016
2747,2747,90,51st_springdale,51st_manor,555,4,2016
2748,2748,89,51st_springdale,51st_manor,570,4,2016
2749,2749,82,51st_springdale,51st_manor,585,4,2016
2750,2750,85,51st_springdale,51st_manor,600,4,2016
2751,2751,84,51st_springdale,51st_manor,601,4,2016
2752,2752,65,51st_springdale,51st_manor,615,4,2016
2753,2753,72,51st_springdale,51st_manor,630,4,2016
2754,2754,70,51st_springdale,51st_manor,645,4,2016
2755,2755,78,51st_springdale,51st_manor,660,4,2016
2756,2756,75,51st_springdale,51st_manor,675,4,2016
2757,2757,71,51st_springdale,51st_manor,690,4,2016
2758,2758,75,51st_springdale,51st_manor,705,4,2016
2759,2759,74,51st_springdale,51st_manor,720,4,2016
2760,2760,75,51st_springdale,51st_manor,735,4,2016
2761,2761,75,51st_springdale,51st_manor,750,4,2016
2762,2762,75,51st_springdale,51st_manor,765,4,2016
2763,2763,74,51st_springdale,51st_manor,780,4,2016
2764,2764,72,51st_springdale,51st_manor,795,4,2016
2765,2765,73,51st_springdale,51st_manor,810,4,2016
2766,2766,72,51st_springdale,51st_manor,825,4,2016
2767,2767,70,51st_springdale,51st_manor,840,4,2016
2768,2768,72,51st_springdale,51st_manor,855,4,2016
2769,2769,74,51st_springdale,51st_manor,870,4,2016
2770,2770,73,51st_springdale,51st_manor,885,4,2016
2771,2771,74,51st_springdale,51st_manor,900,4,2016
2772,2772,75,51st_springdale,51st_manor,915,4,2016
2773,2773,73,51st_springdale,51st_manor,930,4,2016
2774,2774,75,51st_springdale,51st_manor,945,4,2016
2775,2775,76,51st_springdale,51st_manor,960,4,2016
2776,2776,76,51st_springdale,51st_manor,975,4,2016
2777,2777,77,51st_springdale,51st_manor,990,4,2016
2778,2778,75,51st_springdale,51st_manor,1005,4,2016
2779,2779,73,51st_springdale,51st_manor,1020,4,2016
2780,2780,77,51st_springdale,51st_manor,1035,4,2016
2781,2781,74,51st_springdale,51st_manor,1050,4,2016
2782,2782,75,51st_springdale,51st_manor,1065,4,2016
2783,2783,76,51st_springdale,51st_manor,1080,4,2016
2784,2784,75,51st_springdale,51st_manor,1095,4,2016
2785,2785,74,51st_springdale,51st_manor,1110,4,2016
2786,2786,75,51st_springdale,51st_manor,1125,4,2016
2787,2787,85,51st_springdale,51st_manor,1126,4,2016
2788,2788,77,51st_springdale,51st_manor,1140,4,2016
2789,2789,78,51st_springdale,51st_manor,1155,4,2016
2790,2790,79,51st_springdale,51st_manor,1170,4,2016
2791,2791,77,51st_springdale,51st_manor,1185,4,2016
2792,2792,76,51st_springdale,51st_manor,1200,4,2016
2793,2793,79,51st_springdale,51st_manor,1215,4,2016
2794,2794,82,51st_springdale,51st_manor,1230,4,2016
2795,2795,80,51st_springdale,51st_manor,1245,4,2016
2796,2796,80,51st_springdale,51st_manor,1260,4,2016
2797,2797,80,51st_springdale,51st_manor,1275,4,2016
2798,2798,81,51st_springdale,51st_manor,1290,4,2016
2799,2799,78,51st_springdale,51st_manor,1305,4,2016
2800,2800,81,51st_springdale,51st_manor,1320,4,2016
2801,2801,85,51st_springdale,51st_manor,1335,4,2016
2802,2802,86,51st_springdale,51st_manor,1350,4,2016
2803,2803,86,51st_springdale,51st_manor,1365,4,2016
2804,2804,80,51st_springdale,51st_manor,1380,4,2016
2805,2805,80,51st_springdale,51st_manor,1395,4,2016
2806,2806,80,51st_springdale,51st_manor,1410,4,2016
2807,2807,77,51st_springdale,51st_manor,1425,4,2016
2808,2808,78,51st_springdale,51st_manor,0,5,2016
2809,2809,78,51st_springdale,51st_manor,15,5,2016
2810,2810,76,51st_springdale,51st_manor,30,5,2016
2811,2811,76,51st_springdale,51st_manor,45,5,2016
2812,2812,78,51st_springdale,51st_manor,60,5,2016
2813,2813,78,51st_springdale,51st_manor,75,5,2016
2814,2814,78,51st_springdale,51st_manor,90,5,2016
2815,2815,78,51st_springdale,51st_manor,105,5,2016
2816,2816,77,51st_springdale,51st_manor,120,5,2016
2817,2817,78,51st_springdale,51st_manor,135,5,2016
2818,2818,75,51st_springdale,51st_manor,150,5,2016
2819,2819,76,51st_springdale,51st_manor,165,5,2016
2820,2820,76,51st_springdale,51st_manor,180,5,2016
2821,2821,74,51st_springdale,51st_manor,195,5,2016
2822,2822,75,51st_springdale,51st_manor,210,5,2016
2823,2823,76,51st_springdale,51st_manor,225,5,2016
2824,2824,74,51st_springdale,51st_manor,240,5,2016
2825,2825,75,51st_springdale,51st_manor,255,5,2016
2826,2826,75,51st_springdale,51st_manor,270,5,2016
2827,2827,72,51st_springdale,51st_manor,285,5,2016
2828,2828,75,51st_springdale,51st_manor,300,5,2016
2829,2829,73,51st_springdale,51st_manor,315,5,2016
2830,2830,74,51st_springdale,51st_manor,330,5,2016
2831,2831,74,51st_springdale,51st_manor,345,5,2016
2832,2832,75,51st_springdale,51st_manor,360,5,2016
2833,2833,74,51st_springdale,51st_manor,375,5,2016
2834,2834,74,51st_springdale,51st_manor,390,5,2016
2835,2835,77,51st_springdale,51st_manor,405,5,2016
2836,2836,76,51st_springdale,51st_manor,420,5,2016
2837,2837,77,51st_springdale,51st_manor,435,5,2016
2838,2838,69,51st_springdale,51st_manor,450,5,2016
2839,2839,72,51st_springdale,51st_manor,465,5,2016
2840,2840,80,51st_springdale,51st_manor,480,5,2016
2841,2841,73,51st_springdale,51st_manor,495,5,2016
2842,2842,73,51st_springdale,51st_manor,510,5,2016
2843,2843,74,51st_springdale,51st_manor,525,5,2016
2844,2844,73,51st_springdale,51st_manor,540,5,2016
2845,2845,76,51st_springdale,51st_manor,555,5,2016
2846,2846,73,51st_springdale,51st_manor,570,5,2016
2847,2847,86,51st_springdale,51st_manor,585,5,2016
2848,2848,71,51st_springdale,51st_manor,600,5,2016
2849,2849,85,51st_springdale,51st_manor,615,5,2016
2850,2850,81,51st_springdale,51st_manor,630,5,2016
2851,2851,71,51st_springdale,51st_manor,645,5,2016
2852,2852,67,51st_springdale,51st_manor,660,5,2016
2853,2853,76,51st_springdale,51st_manor,675,5,2016
2854,2854,71,51st_springdale,51st_manor,690,5,2016
2855,2855,70,51st_springdale,51st_manor,705,5,2016
2856,2856,73,51st_springdale,51st_manor,720,5,2016
2857,2857,75,51st_springdale,51st_manor,735,5,2016
2858,2858,71,51st_springdale,51st_manor,750,5,2016
2859,2859,72,51st_springdale,51st_manor,765,5,2016
2860,2860,72,51st_springdale,51st_manor,780,5,2016
2861,2861,74,51st_springdale,51st_manor,795,5,2016
2862,2862,72,51st_springdale,51st_manor,810,5,2016
2863,2863,74,51st_springdale,51st_manor,825,5,2016
2864,2864,69,51st_springdale,51st_manor,840,5,2016
2865,2865,73,51st_springdale,51st_manor,855,5,2016
2866,2866,73,51st_springdale,51st_manor,870,5,2016
2867,2867,73,51st_springdale,51st_manor,885,5,2016
2868,2868,73,51st_springdale,51st_manor,900,5,2016
2869,2869,73,51st_springdale,51st_manor,915,5,2016
2870,2870,72,51st_springdale,51st_manor,930,5,2016
2871,2871,73,51st_springdale,51st_manor,945,5,2016
2872,2872,70,51st_springdale,51st_manor,960,5,2016
2873,2873,73,51st_springdale,51st_manor,975,5,2016
2874,2874,72,51st_springdale,51st_manor,990,5,2016
2875,2875,71,51st_springdale,51st_manor,1005,5,2016
2876,2876,73,51st_springdale,51st_manor,1020,5,2016
2877,2877,71,51st_springdale,51st_manor,1035,5,2016
2878,2878,72,51st_springdale,51st_manor,1050,5,2016
2879,2879,72,51st_springdale,51st_manor,1065,5,2016
2880,2880,74,51st_springdale,51st_manor,1080,5,2016
2881,2881,74,51st_springdale,51st_manor,1095,5,2016
2882,2882,74,51st_springdale,51st_manor,1110,5,2016
2883,2883,73,51st_springdale,51st_manor,1125,5,2016
2884,2884,74,51st_springdale,51st_manor,1140,5,2016
2885,2885,73,51st_springdale,51st_manor,1155,5,2016
2886,2886,73,51st_springdale,51st_manor,1170,5,2016
2887,2887,72,51st_springdale,51st_manor,1185,5,2016
2888,2888,73,51st_springdale,51st_manor,1200,5,2016
2889,2889,72,51st_springdale,51st_manor,1215,5,2016
2890,2890,72,51st_springdale,51st_manor,1230,5,2016
2891,2891,70,51st_springdale,51st_manor,1245,5,2016
2892,2892,72,51st_springdale,51st_manor,1260,5,2016
2893,2893,74,51st_springdale,51st_manor,1275,5,2016
2894,2894,71,51st_springdale,51st_manor,1290,5,2016
2895,2895,70,51st_springdale,51st_manor,1305,5,2016
2896,2896,72,51st_springdale,51st_manor,1320,5,2016
2897,2897,73,51st_springdale,51st_manor,1335,5,2016
2898,2898,73,51st_springdale,51st_manor,1350,5,2016
2899,2899,71,51st_springdale,51st_manor,1365,5,2016
2900,2900,71,51st_springdale,51st_manor,1380,5,2016
2901,2901,72,51st_springdale,51st_manor,1395,5,2016
2902,2902,73,51st_springdale,51st_manor,1410,5,2016
2903,2903,71,51st_springdale,51st_manor,1425,5,2016
2904,2904,72,51st_springdale,51st_manor,0,6,2016
2905,2905,72,51st_springdale,51st_manor,15,6,2016
2906,2906,74,51st_springdale,51st_manor,30,6,2016
2907,2907,72,51st_springdale,51st_manor,45,6,2016
2908,2908,76,51st_springdale,51st_manor,60,6,2016
2909,2909,73,51st_springdale,51st_manor,75,6,2016
2910,2910,75,51st_springdale,51st_manor,90,6,2016
2911,2911,74,51st_springdale,51st_manor,105,6,2016
2912,2912,75,51st_springdale,51st_manor,120,6,2016
2913,2913,75,51st_springdale,51st_manor,135,6,2016
2914,2914,76,51st_springdale,51st_manor,150,6,2016
2915,2915,76,51st_springdale,51st_manor,165,6,2016
2916,2916,75,51st_springdale,51st_manor,180,6,2016
2917,2917,74,51st_springdale,51st_manor,195,6,2016
2918,2918,75,51st_springdale,51st_manor,210,6,2016
2919,2919,74,51st_springdale,51st_manor,225,6,2016
2920,2920,75,51st_springdale,51st_manor,240,6,2016
2921,2921,72,51st_springdale,51st_manor,255,6,2016
2922,2922,75,51st_springdale,51st_manor,270,6,2016
2923,2923,75,51st_springdale,51st_manor,285,6,2016
2924,2924,74,51st_springdale,51st_manor,300,6,2016
2925,2925,73,51st_springdale,51st_manor,315,6,2016
2926,2926,70,51st_springdale,51st_manor,330,6,2016
2927,2927,70,51st_springdale,51st_manor,345,6,2016
2928,2928,77,51st_springdale,51st_manor,360,6,2016
2929,2929,75,51st_springdale,51st_manor,375,6,2016
2930,2930,77,51st_springdale,51st_manor,390,6,2016
2931,2931,70,51st_springdale,51st_manor,405,6,2016
2932,2932,71,51st_springdale,51st_manor,420,6,2016
2933,2933,73,51st_springdale,51st_manor,435,6,2016
2934,2934,76,51st_springdale,51st_manor,450,6,2016
2935,2935,69,51st_springdale,51st_manor,465,6,2016
2936,2936,69,51st_springdale,51st_manor,480,6,2016
2937,2937,73,51st_springdale,51st_manor,495,6,2016
2938,2938,105,51st_springdale,51st_manor,510,6,2016
2939,2939,74,51st_springdale,51st_manor,525,6,2016
2940,2940,71,51st_springdale,51st_manor,540,6,2016
2941,2941,68,51st_springdale,51st_manor,555,6,2016
2942,2942,78,51st_springdale,51st_manor,556,6,2016
2943,2943,86,51st_springdale,51st_manor,570,6,2016
2944,2944,88,51st_springdale,51st_manor,585,6,2016
2945,2945,84,51st_springdale,51st_manor,600,6,2016
2946,2946,105,51st_springdale,51st_manor,615,6,2016
2947,2947,74,51st_springdale,51st_manor,630,6,2016
2948,2948,73,51st_springdale,51st_manor,645,6,2016
2949,2949,72,51st_springdale,51st_manor,660,6,2016
2950,2950,83,51st_springdale,51st_manor,675,6,2016
2951,2951,77,51st_springdale,51st_manor,690,6,2016
2952,2952,75,51st_springdale,51st_manor,705,6,2016
2953,2953,69,51st_springdale,51st_manor,720,6,2016
2954,2954,72,51st_springdale,51st_manor,735,6,2016
2955,2955,75,51st_springdale,51st_manor,750,6,2016
2956,2956,73,51st_springdale,51st_manor,765,6,2016
2957,2957,80,51st_springdale,51st_manor,780,6,2016
2958,2958,75,51st_springdale,51st_manor,795,6,2016
2959,2959,71,51st_springdale,51st_manor,810,6,2016
2960,2960,71,51st_springdale,51st_manor,825,6,2016
2961,2961,73,51st_springdale,51st_manor,840,6,2016
2962,2962,72,51st_springdale,51st_manor,855,6,2016
2963,2963,72,51st_springdale,51st_manor,870,6,2016
2964,2964,71,51st_springdale,51st_manor,885,6,2016
2965,2965,72,51st_springdale,51st_manor,900,6,2016
2966,2966,70,51st_springdale,51st_manor,915,6,2016
2967,2967,73,51st_springdale,51st_manor,930,6,2016
2968,2968,72,51st_springdale,51st_manor,945,6,2016
2969,2969,72,51st_springdale,51st_manor,960,6,2016
2970,2970,73,51st_springdale,51st_manor,975,6,2016
2971,2971,71,51st_springdale,51st_manor,990,6,2016
2972,2972,70,51st_springdale,51st_manor,1005,6,2016
2973,2973,72,51st_springdale,51st_manor,1020,6,2016
2974,2974,71,51st_springdale,51st_manor,1035,6,2016
2975,2975,71,51st_springdale,51st_manor,1050,6,2016
2976,2976,71,51st_springdale,51st_manor,1065,6,2016
2977,2977,72,51st_springdale,51st_manor,1080,6,2016
2978,2978,74,51st_springdale,51st_manor,1095,6,2016
2979,2979,72,51st_springdale,51st_manor,1110,6,2016
2980,2980,74,51st_springdale,51st_manor,1125,6,2016
2981,2981,73,51st_springdale,51st_manor,1140,6,2016
2982,2982,73,51st_springdale,51st_manor,1155,6,2016
2983,2983,73,51st_springdale,51st_manor,1170,6,2016
2984,2984,73,51st_springdale,51st_manor,1185,6,2016
2985,2985,71,51st_springdale,51st_manor,1200,6,2016
2986,2986,72,51st_springdale,51st_manor,1215,6,2016
2987,2987,73,51st_springdale,51st_manor,1230,6,2016
2988,2988,72,51st_springdale,51st_manor,1245,6,2016
2989,2989,72,51st_springdale,51st_manor,1260,6,2016
2990,2990,72,51st_springdale,51st_manor,1275,6,2016
2991,2991,70,51st_springdale,51st_manor,1290,6,2016
2992,2992,72,51st_springdale,51st_manor,1305,6,2016
2993,2993,73,51st_springdale,51st_manor,1320,6,2016
2994,2994,72,51st_springdale,51st_manor,1335,6,2016
2995,2995,71,51st_springdale,51st_manor,1350,6,2016
2996,2996,71,51st_springdale,51st_manor,1365,6,2016
2997,2997,71,51st_springdale,51st_manor,1380,6,2016
2998,2998,70,51st_springdale,51st_manor,1395,6,2016
2999,2999,71,51st_springdale,51st_manor,1410,6,2016
3000,3000,72,51st_springdale,51st_manor,1425,6,2016
3001,3001,77,51st_springdale,51st_manor,0,0,2017
3002,3002,77,51st_springdale,51st_manor,15,0,2017
3003,3003,74,51st_springdale,51st_manor,30,0,2017
3004,3004,72,51st_springdale,51st_manor,45,0,2017
3005,3005,71,51st_springdale,51st_manor,60,0,2017
3006,3006,71,51st_springdale,51st_manor,75,0,2017
3007,3007,69,51st_springdale,51st_manor,90,0,2017
3008,3008,78,51st_springdale,51st_manor,105,0,2017
3009,3009,71,51st_springdale,51st_manor,120,0,2017
3010,3010,80,51st_springdale,51st_manor,135,0,2017
3011,3011,71,51st_springdale,51st_manor,150,0,2017
3012,3012,70,51st_springdale,51st_manor,165,0,2017
3013,3013,72,51st_springdale,51st_manor,180,0,2017
3014,3014,73,51st_springdale,51st_manor,195,0,2017
3015,3015,72,51st_springdale,51st_manor,210,0,2017
3016,3016,83,51st_springdale,51st_manor,225,0,2017
3017,3017,75,51st_springdale,51st_manor,240,0,2017
3018,3018,70,51st_springdale,51st_manor,255,0,2017
3019,3019,84,51st_springdale,51st_manor,270,0,2017
3020,3020,70,51st_springdale,51st_manor,285,0,2017
3021,3021,86,51st_springdale,51st_manor,300,0,2017
3022,3022,69,51st_springdale,51st_manor,315,0,2017
3023,3023,75,51st_springdale,51st_manor,330,0,2017
3024,3024,75,51st_springdale,51st_manor,345,0,2017
3025,3025,88,51st_springdale,51st_manor,360,0,2017
3026,3026,79,51st_springdale,51st_manor,375,0,2017
3027,3027,95,51st_springdale,51st_manor,390,0,2017
3028,3028,80,51st_springdale,51st_manor,405,0,2017
3029,3029,54,51st_springdale,51st_manor,420,0,2017
3030,3030,87,51st_springdale,51st_manor,480,0,2017
3031,3031,58,51st_springdale,51st_manor,525,0,2017
3032,3032,72,51st_springdale,51st_manor,540,0,2017
3033,3033,97,51st_springdale,51st_manor,585,0,2017
3034,3034,55,51st_springdale,51st_manor,645,0,2017
3035,3035,95,51st_springdale,51st_manor,690,0,2017
3036,3036,76,51st_springdale,51st_manor,705,0,2017
3037,3037,70,51st_springdale,51st_manor,720,0,2017
3038,3038,78,51st_springdale,51st_manor,735,0,2017
3039,3039,81,51st_springdale,51st_manor,750,0,2017
3040,3040,75,51st_springdale,51st_manor,765,0,2017
3041,3041,69,51st_springdale,51st_manor,780,0,2017
3042,3042,70,51st_springdale,51st_manor,795,0,2017
3043,3043,74,51st_springdale,51st_manor,810,0,2017
3044,3044,72,51st_springdale,51st_manor,825,0,2017
3045,3045,70,51st_springdale,51st_manor,840,0,2017
3046,3046,67,51st_springdale,51st_manor,855,0,2017
3047,3047,75,51st_springdale,51st_manor,870,0,2017
3048,3048,77,51st_springdale,51st_manor,885,0,2017
3049,3049,68,51st_springdale,51st_manor,900,0,2017
3050,3050,72,51st_springdale,51st_manor,915,0,2017
3051,3051,69,51st_springdale,51st_manor,930,0,2017
3052,3052,73,51st_springdale,51st_manor,945,0,2017
3053,3053,72,51st_springdale,51st_manor,960,0,2017
3054,3054,71,51st_springdale,51st_manor,975,0,2017
3055,3055,76,51st_springdale,51st_manor,990,0,2017
3056,3056,76,51st_springdale,51st_manor,1005,0,2017
3057,3057,75,51st_springdale,51st_manor,1020,0,2017
3058,3058,74,51st_springdale,51st_manor,1035,0,2017
3059,3059,73,51st_springdale,51st_manor,1050,0,2017
3060,3060,72,51st_springdale,51st_manor,1065,0,2017
3061,3061,74,51st_springdale,51st_manor,1080,0,2017
3062,3062,73,51st_springdale,51st_manor,1095,0,2017
3063,3063,73,51st_springdale,51st_manor,1110,0,2017
3064,3064,73,51st_springdale,51st_manor,1125,0,2017
3065,3065,75,51st_springdale,51st_manor,1140,0,2017
3066,3066,76,51st_springdale,51st_manor,1155,0,2017
3067,3067,73,51st_springdale,51st_manor,1170,0,2017
3068,3068,74,51st_springdale,51st_manor,1185,0,2017
3069,3069,69,51st_springdale,51st_manor,1200,0,2017
3070,3070,71,51st_springdale,51st_manor,1215,0,2017
3071,3071,70,51st_springdale,51st_manor,1230,0,2017
3072,3072,74,51st_springdale,51st_manor,1245,0,2017
3073,3073,80,51st_springdale,51st_manor,1260,0,2017
3074,3074,76,51st_springdale,51st_manor,1275,0,2017
3075,3075,78,51st_springdale,51st_manor,1290,0,2017
3076,3076,78,51st_springdale,51st_manor,1305,0,2017
3077,3077,78,51st_springdale,51st_manor,1320,0,2017
3078,3078,78,51st_springdale,51st_manor,1335,0,2017
3079,3079,78,51st_springdale,51st_manor,1350,0,2017
3080,3080,90,51st_springdale,51st_manor,1365,0,2017
3081,3081,96,51st_springdale,51st_manor,1380,0,2017
3082,3082,104,51st_springdale,51st_manor,1395,0,2017
3083,3083,101,51st_springdale,51st_manor,1410,0,2017
3084,3084,94,51st_springdale,51st_manor,1425,0,2017
3085,3085,92,51st_springdale,51st_manor,0,1,2017
3086,3086,88,51st_springdale,51st_manor,15,1,2017
3087,3087,79,51st_springdale,51st_manor,30,1,2017
3088,3088,75,51st_springdale,51st_manor,45,1,2017
3089,3089,80,51st_springdale,51st_manor,60,1,2017
3090,3090,80,51st_springdale,51st_manor,75,1,2017
3091,3091,78,51st_springdale,51st_manor,90,1,2017
3092,3092,80,51st_springdale,51st_manor,105,1,2017
3093,3093,79,51st_springdale,51st_manor,120,1,2017
3094,3094,77,51st_springdale,51st_manor,135,1,2017
3095,3095,74,51st_springdale,51st_manor,150,1,2017
3096,3096,74,51st_springdale,51st_manor,165,1,2017
3097,3097,80,51st_springdale,51st_manor,180,1,2017
3098,3098,74,51st_springdale,51st_manor,195,1,2017
3099,3099,76,51st_springdale,51st_manor,210,1,2017
3100,3100,71,51st_springdale,51st_manor,225,1,2017
3101,3101,73,51st_springdale,51st_manor,240,1,2017
3102,3102,73,51st_springdale,51st_manor,255,1,2017
3103,3103,75,51st_springdale,51st_manor,270,1,2017
3104,3104,66,51st_springdale,51st_manor,285,1,2017
3105,3105,73,51st_springdale,51st_manor,300,1,2017
3106,3106,67,51st_springdale,51st_manor,315,1,2017
3107,3107,73,51st_springdale,51st_manor,330,1,2017
3108,3108,68,51st_springdale,51st_manor,345,1,2017
3109,3109,73,51st_springdale,51st_manor,360,1,2017
3110,3110,227,51st_springdale,51st_manor,375,1,2017
3111,3111,64,51st_springdale,51st_manor,390,1,2017
3112,3112,81,51st_springdale,51st_manor,405,1,2017
3113,3113,67,51st_springdale,51st_manor,420,1,2017
3114,3114,61,51st_springdale,51st_manor,435,1,2017
3115,3115,83,51st_springdale,51st_manor,450,1,2017
3116,3116,61,51st_springdale,51st_manor,510,1,2017
3117,3117,76,51st_springdale,51st_manor,525,1,2017
3118,3118,81,51st_springdale,51st_manor,660,1,2017
3119,3119,110,51st_springdale,51st_manor,675,1,2017
3120,3120,68,51st_springdale,51st_manor,690,1,2017
3121,3121,74,51st_springdale,51st_manor,705,1,2017
3122,3122,77,51st_springdale,51st_manor,720,1,2017
3123,3123,74,51st_springdale,51st_manor,735,1,2017
3124,3124,73,51st_springdale,51st_manor,750,1,2017
3125,3125,74,51st_springdale,51st_manor,765,1,2017
3126,3126,67,51st_springdale,51st_manor,780,1,2017
3127,3127,77,51st_springdale,51st_manor,795,1,2017
3128,3128,86,51st_springdale,51st_manor,810,1,2017
3129,3129,79,51st_springdale,51st_manor,825,1,2017
3130,3130,74,51st_springdale,51st_manor,840,1,2017
3131,3131,72,51st_springdale,51st_manor,855,1,2017
3132,3132,78,51st_springdale,51st_manor,870,1,2017
3133,3133,76,51st_springdale,51st_manor,885,1,2017
3134,3134,81,51st_springdale,51st_manor,900,1,2017
3135,3135,75,51st_springdale,51st_manor,915,1,2017
3136,3136,74,51st_springdale,51st_manor,930,1,2017
3137,3137,76,51st_springdale,51st_manor,945,1,2017
3138,3138,70,51st_springdale,51st_manor,960,1,2017
3139,3139,75,51st_springdale,51st_manor,975,1,2017
3140,3140,75,51st_springdale,51st_manor,990,1,2017
3141,3141,75,51st_springdale,51st_manor,1005,1,2017
3142,3142,78,51st_springdale,51st_manor,1020,1,2017
3143,3143,74,51st_springdale,51st_manor,1035,1,2017
3144,3144,75,51st_springdale,51st_manor,1050,1,2017
3145,3145,73,51st_springdale,51st_manor,1065,1,2017
3146,3146,70,51st_springdale,51st_manor,1080,1,2017
3147,3147,73,51st_springdale,51st_manor,1095,1,2017
3148,3148,74,51st_springdale,51st_manor,1110,1,2017
3149,3149,79,51st_springdale,51st_manor,1125,1,2017
3150,3150,79,51st_springdale,51st_manor,1140,1,2017
3151,3151,75,51st_springdale,51st_manor,1155,1,2017
3152,3152,74,51st_springdale,51st_manor,1170,1,2017
3153,3153,77,51st_springdale,51st_manor,1185,1,2017
3154,3154,74,51st_springdale,51st_manor,1200,1,2017
3155,3155,76,51st_springdale,51st_manor,1215,1,2017
3156,3156,75,51st_springdale,51st_manor,1230,1,2017
3157,3157,71,51st_springdale,51st_manor,1245,1,2017
3158,3158,77,51st_springdale,51st_manor,1260,1,2017
3159,3159,82,51st_springdale,51st_manor,1275,1,2017
3160,3160,79,51st_springdale,51st_manor,1290,1,2017
3161,3161,81,51st_springdale,51st_manor,1305,1,2017
3162,3162,77,51st_springdale,51st_manor,1320,1,2017
3163,3163,79,51st_springdale,51st_manor,1335,1,2017
3164,3164,85,51st_springdale,51st_manor,1350,1,2017
3165,3165,96,51st_springdale,51st_manor,1365,1,2017
3166,3166,84,51st_springdale,51st_manor,1380,1,2017
3167,3167,86,51st_springdale,51st_manor,1395,1,2017
3168,3168,102,51st_springdale,51st_manor,1410,1,2017
3169,3169,95,51st_springdale,51st_manor,1425,1,2017
3170,3170,92,51st_springdale,51st_manor,0,2,2017
3171,3171,82,51st_springdale,51st_manor,15,2,2017
3172,3172,86,51st_springdale,51st_manor,30,2,2017
3173,3173,77,51st_springdale,51st_manor,45,2,2017
3174,3174,76,51st_springdale,51st_manor,60,2,2017
3175,3175,77,51st_springdale,51st_manor,75,2,2017
3176,3176,76,51st_springdale,51st_manor,90,2,2017
3177,3177,72,51st_springdale,51st_manor,105,2,2017
3178,3178,71,51st_springdale,51st_manor,120,2,2017
3179,3179,76,51st_springdale,51st_manor,135,2,2017
3180,3180,71,51st_springdale,51st_manor,150,2,2017
3181,3181,72,51st_springdale,51st_manor,165,2,2017
3182,3182,71,51st_springdale,51st_manor,180,2,2017
3183,3183,77,51st_springdale,51st_manor,195,2,2017
3184,3184,77,51st_springdale,51st_manor,210,2,2017
3185,3185,76,51st_springdale,51st_manor,225,2,2017
3186,3186,82,51st_springdale,51st_manor,240,2,2017
3187,3187,70,51st_springdale,51st_manor,255,2,2017
3188,3188,71,51st_springdale,51st_manor,270,2,2017
3189,3189,74,51st_springdale,51st_manor,285,2,2017
3190,3190,67,51st_springdale,51st_manor,300,2,2017
3191,3191,72,51st_springdale,51st_manor,315,2,2017
3192,3192,71,51st_springdale,51st_manor,330,2,2017
3193,3193,69,51st_springdale,51st_manor,345,2,2017
3194,3194,72,51st_springdale,51st_manor,360,2,2017
3195,3195,57,51st_springdale,51st_manor,375,2,2017
3196,3196,79,51st_springdale,51st_manor,390,2,2017
3197,3197,72,51st_springdale,51st_manor,405,2,2017
3198,3198,80,51st_springdale,51st_manor,420,2,2017
3199,3199,86,51st_springdale,51st_manor,480,2,2017
3200,3200,75,51st_springdale,51st_manor,495,2,2017
3201,3201,67,51st_springdale,51st_manor,510,2,2017
3202,3202,73,51st_springdale,51st_manor,525,2,2017
3203,3203,76,51st_springdale,51st_manor,660,2,2017
3204,3204,72,51st_springdale,51st_manor,705,2,2017
3205,3205,69,51st_springdale,51st_manor,720,2,2017
3206,3206,67,51st_springdale,51st_manor,735,2,2017
3207,3207,67,51st_springdale,51st_manor,750,2,2017
3208,3208,77,51st_springdale,51st_manor,765,2,2017
3209,3209,75,51st_springdale,51st_manor,780,2,2017
3210,3210,71,51st_springdale,51st_manor,795,2,2017
3211,3211,78,51st_springdale,51st_manor,810,2,2017
3212,3212,70,51st_springdale,51st_manor,825,2,2017
3213,3213,73,51st_springdale,51st_manor,840,2,2017
3214,3214,77,51st_springdale,51st_manor,855,2,2017
3215,3215,71,51st_springdale,51st_manor,870,2,2017
3216,3216,70,51st_springdale,51st_manor,885,2,2017
3217,3217,72,51st_springdale,51st_manor,900,2,2017
3218,3218,67,51st_springdale,51st_manor,915,2,2017
3219,3219,74,51st_springdale,51st_manor,930,2,2017
3220,3220,74,51st_springdale,51st_manor,945,2,2017
3221,3221,74,51st_springdale,51st_manor,960,2,2017
3222,3222,72,51st_springdale,51st_manor,975,2,2017
3223,3223,73,51st_springdale,51st_manor,990,2,2017
3224,3224,74,51st_springdale,51st_manor,1005,2,2017
3225,3225,66,51st_springdale,51st_manor,1020,2,2017
3226,3226,74,51st_springdale,51st_manor,1035,2,2017
3227,3227,79,51st_springdale,51st_manor,1050,2,2017
3228,3228,68,51st_springdale,51st_manor,1065,2,2017
3229,3229,71,51st_springdale,51st_manor,1080,2,2017
3230,3230,74,51st_springdale,51st_manor,1095,2,2017
3231,3231,76,51st_springdale,51st_manor,1110,2,2017
3232,3232,79,51st_springdale,51st_manor,1125,2,2017
3233,3233,74,51st_springdale,51st_manor,1140,2,2017
3234,3234,75,51st_springdale,51st_manor,1155,2,2017
3235,3235,77,51st_springdale,51st_manor,1170,2,2017
3236,3236,77,51st_springdale,51st_manor,1185,2,2017
3237,3237,71,51st_springdale,51st_manor,1200,2,2017
3238,3238,82,51st_springdale,51st_manor,1215,2,2017
3239,3239,74,51st_springdale,51st_manor,1230,2,2017
3240,3240,76,51st_springdale,51st_manor,1245,2,2017
3241,3241,76,51st_springdale,51st_manor,1260,2,2017
3242,3242,77,51st_springdale,51st_manor,1275,2,2017
3243,3243,83,51st_springdale,51st_manor,1290,2,2017
3244,3244,78,51st_springdale,51st_manor,1305,2,2017
3245,3245,89,51st_springdale,51st_manor,1320,2,2017
3246,3246,83,51st_springdale,51st_manor,1335,2,2017
3247,3247,86,51st_springdale,51st_manor,1350,2,2017
3248,3248,113,51st_springdale,51st_manor,1365,2,2017
3249,3249,100,51st_springdale,51st_manor,1380,2,2017
3250,3250,102,51st_springdale,51st_manor,1395,2,2017
3251,3251,90,51st_springdale,51st_manor,1410,2,2017
3252,3252,100,51st_springdale,51st_manor,1425,2,2017
3253,3253,84,51st_springdale,51st_manor,0,3,2017
3254,3254,82,51st_springdale,51st_manor,15,3,2017
3255,3255,72,51st_springdale,51st_manor,30,3,2017
3256,3256,80,51st_springdale,51st_manor,45,3,2017
3257,3257,79,51st_springdale,51st_manor,60,3,2017
3258,3258,77,51st_springdale,51st_manor,75,3,2017
3259,3259,74,51st_springdale,51st_manor,90,3,2017
3260,3260,72,51st_springdale,51st_manor,105,3,2017
3261,3261,76,51st_springdale,51st_manor,120,3,2017
3262,3262,77,51st_springdale,51st_manor,135,3,2017
3263,3263,74,51st_springdale,51st_manor,150,3,2017
3264,3264,74,51st_springdale,51st_manor,165,3,2017
3265,3265,73,51st_springdale,51st_manor,180,3,2017
3266,3266,72,51st_springdale,51st_manor,195,3,2017
3267,3267,74,51st_springdale,51st_manor,210,3,2017
3268,3268,73,51st_springdale,51st_manor,225,3,2017
3269,3269,79,51st_springdale,51st_manor,240,3,2017
3270,3270,70,51st_springdale,51st_manor,255,3,2017
3271,3271,67,51st_springdale,51st_manor,270,3,2017
3272,3272,76,51st_springdale,51st_manor,285,3,2017
3273,3273,71,51st_springdale,51st_manor,300,3,2017
3274,3274,70,51st_springdale,51st_manor,315,3,2017
3275,3275,74,51st_springdale,51st_manor,330,3,2017
3276,3276,82,51st_springdale,51st_manor,345,3,2017
3277,3277,62,51st_springdale,51st_manor,360,3,2017
3278,3278,73,51st_springdale,51st_manor,375,3,2017
3279,3279,65,51st_springdale,51st_manor,390,3,2017
3280,3280,63,51st_springdale,51st_manor,405,3,2017
3281,3281,82,51st_springdale,51st_manor,420,3,2017
3282,3282,67,51st_springdale,51st_manor,435,3,2017
3283,3283,69,51st_springdale,51st_manor,450,3,2017
3284,3284,67,51st_springdale,51st_manor,480,3,2017
3285,3285,85,51st_springdale,51st_manor,510,3,2017
3286,3286,80,51st_springdale,51st_manor,705,3,2017
3287,3287,86,51st_springdale,51st_manor,720,3,2017
3288,3288,77,51st_springdale,51st_manor,735,3,2017
3289,3289,68,51st_springdale,51st_manor,750,3,2017
3290,3290,76,51st_springdale,51st_manor,765,3,2017
3291,3291,78,51st_springdale,51st_manor,780,3,2017
3292,3292,81,51st_springdale,51st_manor,795,3,2017
3293,3293,79,51st_springdale,51st_manor,810,3,2017
3294,3294,78,51st_springdale,51st_manor,825,3,2017
3295,3295,77,51st_springdale,51st_manor,840,3,2017
3296,3296,76,51st_springdale,51st_manor,855,3,2017
3297,3297,74,51st_springdale,51st_manor,870,3,2017
3298,3298,76,51st_springdale,51st_manor,885,3,2017
3299,3299,73,51st_springdale,51st_manor,900,3,2017
3300,3300,77,51st_springdale,51st_manor,915,3,2017
3301,3301,76,51st_springdale,51st_manor,930,3,2017
3302,3302,79,51st_springdale,51st_manor,945,3,2017
3303,3303,79,51st_springdale,51st_manor,960,3,2017
3304,3304,78,51st_springdale,51st_manor,975,3,2017
3305,3305,73,51st_springdale,51st_manor,990,3,2017
3306,3306,74,51st_springdale,51st_manor,1005,3,2017
3307,3307,73,51st_springdale,51st_manor,1020,3,2017
3308,3308,73,51st_springdale,51st_manor,1035,3,2017
3309,3309,73,51st_springdale,51st_manor,1050,3,2017
3310,3310,74,51st_springdale,51st_manor,1065,3,2017
3311,3311,72,51st_springdale,51st_manor,1080,3,2017
3312,3312,79,51st_springdale,51st_manor,1095,3,2017
3313,3313,76,51st_springdale,51st_manor,1110,3,2017
3314,3314,75,51st_springdale,51st_manor,1125,3,2017
3315,3315,75,51st_springdale,51st_manor,1140,3,2017
3316,3316,76,51st_springdale,51st_manor,1155,3,2017
3317,3317,77,51st_springdale,51st_manor,1170,3,2017
3318,3318,81,51st_springdale,51st_manor,1185,3,2017
3319,3319,77,51st_springdale,51st_manor,1200,3,2017
3320,3320,77,51st_springdale,51st_manor,1215,3,2017
3321,3321,75,51st_springdale,51st_manor,1230,3,2017
3322,3322,77,51st_springdale,51st_manor,1245,3,2017
3323,3323,77,51st_springdale,51st_manor,1260,3,2017
3324,3324,84,51st_springdale,51st_manor,1275,3,2017
3325,3325,84,51st_springdale,51st_manor,1290,3,2017
3326,3326,83,51st_springdale,51st_manor,1305,3,2017
3327,3327,83,51st_springdale,51st_manor,1320,3,2017
3328,3328,92,51st_springdale,51st_manor,1335,3,2017
3329,3329,93,51st_springdale,51st_manor,1350,3,2017
3330,3330,101,51st_springdale,51st_manor,1365,3,2017
3331,3331,102,51st_springdale,51st_manor,1380,3,2017
3332,3332,105,51st_springdale,51st_manor,1395,3,2017
3333,3333,110,51st_springdale,51st_manor,1410,3,2017
3334,3334,90,51st_springdale,51st_manor,1425,3,2017
3335,3335,91,51st_springdale,51st_manor,0,4,2017
3336,3336,92,51st_springdale,51st_manor,15,4,2017
3337,3337,81,51st_springdale,51st_manor,30,4,2017
3338,3338,85,51st_springdale,51st_manor,45,4,2017
3339,3339,79,51st_springdale,51st_manor,60,4,2017
3340,3340,80,51st_springdale,51st_manor,75,4,2017
3341,3341,75,51st_springdale,51st_manor,90,4,2017
3342,3342,74,51st_springdale,51st_manor,105,4,2017
3343,3343,71,51st_springdale,51st_manor,120,4,2017
3344,3344,70,51st_springdale,51st_manor,135,4,2017
3345,3345,77,51st_springdale,51st_manor,150,4,2017
3346,3346,72,51st_springdale,51st_manor,165,4,2017
3347,3347,78,51st_springdale,51st_manor,180,4,2017
3348,3348,70,51st_springdale,51st_manor,195,4,2017
3349,3349,72,51st_springdale,51st_manor,210,4,2017
3350,3350,69,51st_springdale,51st_manor,225,4,2017
3351,3351,73,51st_springdale,51st_manor,240,4,2017
3352,3352,68,51st_springdale,51st_manor,255,4,2017
3353,3353,70,51st_springdale,51st_manor,270,4,2017
3354,3354,73,51st_springdale,51st_manor,285,4,2017
3355,3355,69,51st_springdale,51st_manor,300,4,2017
3356,3356,71,51st_springdale,51st_manor,315,4,2017
3357,3357,71,51st_springdale,51st_manor,330,4,2017
3358,3358,72,51st_springdale,51st_manor,345,4,2017
3359,3359,68,51st_springdale,51st_manor,360,4,2017
3360,3360,64,51st_springdale,51st_manor,375,4,2017
3361,3361,78,51st_springdale,51st_manor,390,4,2017
3362,3362,76,51st_springdale,51st_manor,405,4,2017
3363,3363,55,51st_springdale,51st_manor,420,4,2017
3364,3364,90,51st_springdale,51st_manor,435,4,2017
3365,3365,82,51st_springdale,51st_manor,450,4,2017
3366,3366,74,51st_springdale,51st_manor,465,4,2017
3367,3367,79,51st_springdale,51st_manor,480,4,2017
3368,3368,93,51st_springdale,51st_manor,510,4,2017
3369,3369,55,51st_springdale,51st_manor,555,4,2017
3370,3370,83,51st_springdale,51st_manor,585,4,2017
3371,3371,83,51st_springdale,51st_manor,630,4,2017
3372,3372,69,51st_springdale,51st_manor,645,4,2017
3373,3373,70,51st_springdale,51st_manor,660,4,2017
3374,3374,77,51st_springdale,51st_manor,675,4,2017
3375,3375,72,51st_springdale,51st_manor,690,4,2017
3376,3376,79,51st_springdale,51st_manor,705,4,2017
3377,3377,85,51st_springdale,51st_manor,720,4,2017
3378,3378,66,51st_springdale,51st_manor,735,4,2017
3379,3379,71,51st_springdale,51st_manor,750,4,2017
3380,3380,73,51st_springdale,51st_manor,765,4,2017
3381,3381,74,51st_springdale,51st_manor,780,4,2017
3382,3382,71,51st_springdale,51st_manor,795,4,2017
3383,3383,76,51st_springdale,51st_manor,810,4,2017
3384,3384,79,51st_springdale,51st_manor,825,4,2017
3385,3385,72,51st_springdale,51st_manor,840,4,2017
3386,3386,74,51st_springdale,51st_manor,855,4,2017
3387,3387,71,51st_springdale,51st_manor,870,4,2017
3388,3388,72,51st_springdale,51st_manor,885,4,2017
3389,3389,71,51st_springdale,51st_manor,900,4,2017
3390,3390,72,51st_springdale,51st_manor,915,4,2017
3391,3391,72,51st_springdale,51st_manor,930,4,2017
3392,3392,71,51st_springdale,51st_manor,945,4,2017
3393,3393,75,51st_springdale,51st_manor,960,4,2017
3394,3394,75,51st_springdale,51st_manor,975,4,2017
3395,3395,70,51st_springdale,51st_manor,990,4,2017
3396,3396,72,51st_springdale,51st_manor,1005,4,2017
3397,3397,69,51st_springdale,51st_manor,1020,4,2017
3398,3398,74,51st_springdale,51st_manor,1035,4,2017
3399,3399,74,51st_springdale,51st_manor,1050,4,2017
3400,3400,76,51st_springdale,51st_manor,1065,4,2017
3401,3401,76,51st_springdale,51st_manor,1080,4,2017
3402,3402,73,51st_springdale,51st_manor,1095,4,2017
3403,3403,77,51st_springdale,51st_manor,1110,4,2017
3404,3404,73,51st_springdale,51st_manor,1125,4,2017
3405,3405,77,51st_springdale,51st_manor,1140,4,2017
3406,3406,78,51st_springdale,51st_manor,1155,4,2017
3407,3407,77,51st_springdale,51st_manor,1170,4,2017
3408,3408,79,51st_springdale,51st_manor,1185,4,2017
3409,3409,79,51st_springdale,51st_manor,1200,4,2017
3410,3410,78,51st_springdale,51st_manor,1215,4,2017
3411,3411,73,51st_springdale,51st_manor,1230,4,2017
3412,3412,76,51st_springdale,51st_manor,1245,4,2017
3413,3413,84,51st_springdale,51st_manor,1260,4,2017
3414,3414,86,51st_springdale,51st_manor,1275,4,2017
3415,3415,96,51st_springdale,51st_manor,1290,4,2017
3416,3416,92,51st_springdale,51st_manor,1305,4,2017
3417,3417,82,51st_springdale,51st_manor,1320,4,2017
3418,3418,87,51st_springdale,51st_manor,1335,4,2017
3419,3419,82,51st_springdale,51st_manor,1350,4,2017
3420,3420,97,51st_springdale,51st_manor,1365,4,2017
3421,3421,108,51st_springdale,51st_manor,1380,4,2017
3422,3422,102,51st_springdale,51st_manor,1395,4,2017
3423,3423,98,51st_springdale,51st_manor,1410,4,2017
3424,3424,86,51st_springdale,51st_manor,1425,4,2017
3425,3425,83,51st_springdale,51st_manor,0,5,2017
3426,3426,84,51st_springdale,51st_manor,15,5,2017
3427,3427,83,51st_springdale,51st_manor,30,5,2017
3428,3428,79,51st_springdale,51st_manor,45,5,2017
3429,3429,81,51st_springdale,51st_manor,60,5,2017
3430,3430,77,51st_springdale,51st_manor,75,5,2017
3431,3431,81,51st_springdale,51st_manor,90,5,2017
3432,3432,85,51st_springdale,51st_manor,105,5,2017
3433,3433,74,51st_springdale,51st_manor,120,5,2017
3434,3434,86,51st_springdale,51st_manor,135,5,2017
3435,3435,80,51st_springdale,51st_manor,150,5,2017
3436,3436,71,51st_springdale,51st_manor,165,5,2017
3437,3437,75,51st_springdale,51st_manor,180,5,2017
3438,3438,71,51st_springdale,51st_manor,195,5,2017
3439,3439,70,51st_springdale,51st_manor,210,5,2017
3440,3440,72,51st_springdale,51st_manor,225,5,2017
3441,3441,74,51st_springdale,51st_manor,240,5,2017
3442,3442,71,51st_springdale,51st_manor,255,5,2017
3443,3443,71,51st_springdale,51st_manor,270,5,2017
3444,3444,72,51st_springdale,51st_manor,285,5,2017
3445,3445,67,51st_springdale,51st_manor,300,5,2017
3446,3446,73,51st_springdale,51st_manor,315,5,2017
3447,3447,77,51st_springdale,51st_manor,330,5,2017
3448,3448,77,51st_springdale,51st_manor,345,5,2017
3449,3449,82,51st_springdale,51st_manor,360,5,2017
3450,3450,80,51st_springdale,51st_manor,375,5,2017
3451,3451,78,51st_springdale,51st_manor,390,5,2017
3452,3452,69,51st_springdale,51st_manor,405,5,2017
3453,3453,66,51st_springdale,51st_manor,420,5,2017
3454,3454,74,51st_springdale,51st_manor,435,5,2017
3455,3455,86,51st_springdale,51st_manor,450,5,2017
3456,3456,72,51st_springdale,51st_manor,480,5,2017
3457,3457,63,51st_springdale,51st_manor,495,5,2017
3458,3458,81,51st_springdale,51st_manor,510,5,2017
3459,3459,83,51st_springdale,51st_manor,540,5,2017
3460,3460,88,51st_springdale,51st_manor,555,5,2017
3461,3461,65,51st_springdale,51st_manor,660,5,2017
3462,3462,63,51st_springdale,51st_manor,675,5,2017
3463,3463,64,51st_springdale,51st_manor,720,5,2017
3464,3464,85,51st_springdale,51st_manor,735,5,2017
3465,3465,84,51st_springdale,51st_manor,750,5,2017
3466,3466,83,51st_springdale,51st_manor,765,5,2017
3467,3467,96,51st_springdale,51st_manor,780,5,2017
3468,3468,92,51st_springdale,51st_manor,795,5,2017
3469,3469,76,51st_springdale,51st_manor,810,5,2017
3470,3470,78,51st_springdale,51st_manor,825,5,2017
3471,3471,77,51st_springdale,51st_manor,840,5,2017
3472,3472,75,51st_springdale,51st_manor,855,5,2017
3473,3473,82,51st_springdale,51st_manor,870,5,2017
3474,3474,71,51st_springdale,51st_manor,885,5,2017
3475,3475,73,51st_springdale,51st_manor,900,5,2017
3476,3476,78,51st_springdale,51st_manor,915,5,2017
3477,3477,83,51st_springdale,51st_manor,930,5,2017
3478,3478,76,51st_springdale,51st_manor,945,5,2017
3479,3479,70,51st_springdale,51st_manor,960,5,2017
3480,3480,74,51st_springdale,51st_manor,975,5,2017
3481,3481,76,51st_springdale,51st_manor,990,5,2017
3482,3482,77,51st_springdale,51st_manor,1005,5,2017
3483,3483,78,51st_springdale,51st_manor,1020,5,2017
3484,3484,73,51st_springdale,51st_manor,1035,5,2017
3485,3485,78,51st_springdale,51st_manor,1050,5,2017
3486,3486,75,51st_springdale,51st_manor,1065,5,2017
3487,3487,71,51st_springdale,51st_manor,1080,5,2017
3488,3488,74,51st_springdale,51st_manor,1095,5,2017
3489,3489,73,51st_springdale,51st_manor,1110,5,2017
3490,3490,73,51st_springdale,51st_manor,1125,5,2017
3491,3491,76,51st_springdale,51st_manor,1140,5,2017
3492,3492,72,51st_springdale,51st_manor,1155,5,2017
3493,3493,75,51st_springdale,51st_manor,1170,5,2017
3494,3494,69,51st_springdale,51st_manor,1185,5,2017
3495,3495,70,51st_springdale,51st_manor,1200,5,2017
3496,3496,75,51st_springdale,51st_manor,1215,5,2017
3497,3497,76,51st_springdale,51st_manor,1230,5,2017
3498,3498,72,51st_springdale,51st_manor,1245,5,2017
3499,3499,71,51st_springdale,51st_manor,1260,5,2017
3500,3500,75,51st_springdale,51st_manor,1275,5,2017
3501,3501,75,51st_springdale,51st_manor,1290,5,2017
3502,3502,69,51st_springdale,51st_manor,1305,5,2017
3503,3503,70,51st_springdale,51st_manor,1320,5,2017
3504,3504,69,51st_springdale,51st_manor,1335,5,2017
3505,3505,75,51st_springdale,51st_manor,1350,5,2017
3506,3506,77,51st_springdale,51st_manor,1365,5,2017
3507,3507,73,51st_springdale,51st_manor,1380,5,2017
3508,3508,75,51st_springdale,51st_manor,1395,5,2017
3509,3509,73,51st_springdale,51st_manor,1410,5,2017
3510,3510,73,51st_springdale,51st_manor,1425,5,2017
3511,3511,74,51st_springdale,51st_manor,0,6,2017
3512,3512,73,51st_springdale,51st_manor,15,6,2017
3513,3513,72,51st_springdale,51st_manor,30,6,2017
3514,3514,83,51st_springdale,51st_manor,45,6,2017
3515,3515,77,51st_springdale,51st_manor,60,6,2017
3516,3516,75,51st_springdale,51st_manor,75,6,2017
3517,3517,71,51st_springdale,51st_manor,90,6,2017
3518,3518,70,51st_springdale,51st_manor,105,6,2017
3519,3519,71,51st_springdale,51st_manor,120,6,2017
3520,3520,71,51st_springdale,51st_manor,135,6,2017
3521,3521,73,51st_springdale,51st_manor,150,6,2017
3522,3522,70,51st_springdale,51st_manor,165,6,2017
3523,3523,76,51st_springdale,51st_manor,180,6,2017
3524,3524,77,51st_springdale,51st_manor,195,6,2017
3525,3525,76,51st_springdale,51st_manor,210,6,2017
3526,3526,79,51st_springdale,51st_manor,225,6,2017
3527,3527,72,51st_springdale,51st_manor,240,6,2017
3528,3528,80,51st_springdale,51st_manor,255,6,2017
3529,3529,77,51st_springdale,51st_manor,270,6,2017
3530,3530,82,51st_springdale,51st_manor,285,6,2017
3531,3531,74,51st_springdale,51st_manor,300,6,2017
3532,3532,68,51st_springdale,51st_manor,315,6,2017
3533,3533,71,51st_springdale,51st_manor,330,6,2017
3534,3534,72,51st_springdale,51st_manor,345,6,2017
3535,3535,78,51st_springdale,51st_manor,360,6,2017
3536,3536,84,51st_springdale,51st_manor,375,6,2017
3537,3537,75,51st_springdale,51st_manor,390,6,2017
3538,3538,68,51st_springdale,51st_manor,405,6,2017
3539,3539,75,51st_springdale,51st_manor,420,6,2017
3540,3540,71,51st_springdale,51st_manor,435,6,2017
3541,3541,84,51st_springdale,51st_manor,450,6,2017
3542,3542,69,51st_springdale,51st_manor,465,6,2017
3543,3543,76,51st_springdale,51st_manor,510,6,2017
3544,3544,74,51st_springdale,51st_manor,525,6,2017
3545,3545,69,51st_springdale,51st_manor,540,6,2017
3546,3546,64,51st_springdale,51st_manor,555,6,2017
3547,3547,66,51st_springdale,51st_manor,570,6,2017
3548,3548,78,51st_springdale,51st_manor,585,6,2017
3549,3549,202,51st_springdale,51st_manor,600,6,2017
3550,3550,79,51st_springdale,51st_manor,630,6,2017
3551,3551,53,51st_springdale,51st_manor,645,6,2017
3552,3552,64,51st_springdale,51st_manor,660,6,2017
3553,3553,84,51st_springdale,51st_manor,675,6,2017
3554,3554,71,51st_springdale,51st_manor,690,6,2017
3555,3555,59,51st_springdale,51st_manor,720,6,2017
3556,3556,75,51st_springdale,51st_manor,750,6,2017
3557,3557,67,51st_springdale,51st_manor,765,6,2017
3558,3558,74,51st_springdale,51st_manor,780,6,2017
3559,3559,64,51st_springdale,51st_manor,795,6,2017
3560,3560,73,51st_springdale,51st_manor,810,6,2017
3561,3561,71,51st_springdale,51st_manor,825,6,2017
3562,3562,73,51st_springdale,51st_manor,840,6,2017
3563,3563,71,51st_springdale,51st_manor,855,6,2017
3564,3564,65,51st_springdale,51st_manor,870,6,2017
3565,3565,63,51st_springdale,51st_manor,885,6,2017
3566,3566,70,51st_springdale,51st_manor,900,6,2017
3567,3567,74,51st_springdale,51st_manor,915,6,2017
3568,3568,72,51st_springdale,51st_manor,930,6,2017
3569,3569,74,51st_springdale,51st_manor,945,6,2017
3570,3570,71,51st_springdale,51st_manor,960,6,2017
3571,3571,79,51st_springdale,51st_manor,975,6,2017
3572,3572,74,51st_springdale,51st_manor,990,6,2017
3573,3573,78,51st_springdale,51st_manor,1005,6,2017
3574,3574,72,51st_springdale,51st_manor,1020,6,2017
3575,3575,73,51st_springdale,51st_manor,1035,6,2017
3576,3576,71,51st_springdale,51st_manor,1050,6,2017
3577,3577,71,51st_springdale,51st_manor,1065,6,2017
3578,3578,77,51st_springdale,51st_manor,1080,6,2017
3579,3579,76,51st_springdale,51st_manor,1095,6,2017
3580,3580,72,51st_springdale,51st_manor,1110,6,2017
3581,3581,75,51st_springdale,51st_manor,1125,6,2017
3582,3582,75,51st_springdale,51st_manor,1140,6,2017
3583,3583,72,51st_springdale,51st_manor,1155,6,2017
3584,3584,73,51st_springdale,51st_manor,1170,6,2017
3585,3585,76,51st_springdale,51st_manor,1185,6,2017
3586,3586,71,51st_springdale,51st_manor,1200,6,2017
3587,3587,70,51st_springdale,51st_manor,1215,6,2017
3588,3588,72,51st_springdale,51st_manor,1230,6,2017
3589,3589,71,51st_springdale,51st_manor,1245,6,2017
3590,3590,75,51st_springdale,51st_manor,1260,6,2017
3591,3591,74,51st_springdale,51st_manor,1275,6,2017
3592,3592,73,51st_springdale,51st_manor,1290,6,2017
3593,3593,75,51st_springdale,51st_manor,1305,6,2017
3594,3594,71,51st_springdale,51st_manor,1320,6,2017
3595,3595,73,51st_springdale,51st_manor,1335,6,2017
3596,3596,69,51st_springdale,51st_manor,1350,6,2017
3597,3597,71,51st_springdale,51st_manor,1365,6,2017
3598,3598,75,51st_springdale,51st_manor,1380,6,2017
3599,3599,74,51st_springdale,51st_manor,1395,6,2017
3600,3600,69,51st_springdale,51st_manor,1410,6,2017
3601,3601,77,51st_springdale,51st_manor,1425,6,2017
