READER_ID,ATD_SENSOR_ID,KITS_ID,ATD_LOCATION_ID,MODIFIED_DATE,SENSOR_STATUS,TURN_ON_DATE,SENSOR_TYPE,SENSOR_MFG,COA_INTERSECTION_ID,PRIMARY_ST_SEGMENT_ID,CROSS_ST_SEGMENT_ID,LANDMARK,PRIMARY_ST_AKA,CROSS_ST_AKA,SIGNAL_ENG_AREA,COUNCIL_DISTRICT,JURISDICTION,LOCATION_TYPE,LOCATION_NAME,PRIMARY_ST,CROSS_ST,PRIMARY_ST_BLOCK,COUNTY,CROSS_ST_BLOCK,Location,IP_COMM_STATUS,COMM_STATUS_DATETIME_UTC,LOCATION_LATITUDE,LOCATION_LONGITUDE
cesar_chavez_trail_underpass,126,,LOC16-007260,,TURNED_ON,,BLUETOOTH,,,,,H&B Trail Underpass,,,CENTRAL,9,,ROADWAY,1000 BLK W CESAR CHAVEZ ST (H&B Trail Underpass),CESAR CHAVEZ ST,,1000,,,"(30.268652, -97.759929)",ONLINE,03/29/2018 08:35:00 AM +0000,30.268652,-97.759929
bartonsprings_robertelee_south,130,,LOC16-007265,,TURNED_ON,,BLUETOOTH,,,,,South of Barton Springs Rd,,,SOUTHWEST,5,,ROADWAY,400 BLK ROBERT E LEE RD (South of Barton Springs Rd),ROBERT E LEE RD,,400,,,"(30.264245, -97.765802)",ONLINE,03/29/2018 08:35:00 AM +0000,30.264245,-97.765802
mcangus_south,49,,LOC16-007035,10/13/2017 06:56:00 PM +0000,TURNED_ON,,BLUETOOTH,Wavetronix,,,,South of Elroy Rd,,,SOUTHEAST,,,ROADWAY,11406 BLK MC ANGUS RD (South of Elroy Rd), MC ANGUS RD,  ,11406,,,"(30.1440611, -97.64924705)",ONLINE,05/16/2018 08:35:00 AM +0000,30.1440611,-97.64924705
,174,,LOC16-003860,08/01/2017 08:52:00 PM +0000,TURNED_ON,,BLUETOOTH,TrafficNet,5166219,,,,,,NORTHEAST,1,,ROADWAY,FM 969 RD / JOHNNY MORRIS RD,FM 969 RD, JOHNNY MORRIS RD,7000,,5100,"(30.2827682, -97.653183)",OFFLINE,01/20/2018 03:35:00 PM +0000,30.2827682,-97.653183
,180,,LOC16-000865,08/02/2017 03:08:00 PM +0000,TURNED_ON,,BLUETOOTH,TrafficNet,5162956,,,,,,NORTHEAST,3,,ROADWAY, AIRPORT BLVD / LEVANDER LOOP, AIRPORT BLVD, LEVANDER LOOP,750,,7400,"(30.2537231, -97.692543)",ONLINE,03/29/2018 08:35:00 AM +0000,30.2537231,-97.692543
,181,,LOC16-000835,08/02/2017 03:10:00 PM +0000,TURNED_ON,,BLUETOOTH,TrafficNet,5160349,,,,,,NORTHEAST,9,,ROADWAY, AIRPORT BLVD / 35 SVRD, AIRPORT BLVD,IH 35 SVRD,4457,,4300,"(30.3026237, -97.7157364)",ONLINE,03/29/2018 08:35:00 AM +0000,30.3026237,-97.7157364
,182,,LOC16-000835,08/02/2017 03:11:00 PM +0000,TURNED_ON,,BLUETOOTH,TrafficNet,5160349,,,,,,NORTHEAST,9,,ROADWAY, AIRPORT BLVD / 35 SVRD, AIRPORT BLVD,IH 35 SVRD,4457,,4300,"(30.3026237, -97.7157364)",ONLINE,03/29/2018 08:35:00 AM +0000,30.3026237,-97.7157364
,186,26,LOC17-010490,02/09/2018 10:41:00 PM +0000,TURNED_ON,,RADAR,Wavetronix,5158644,,,,,,NORTHEAST,"7,9",,ROADWAY, LAMAR BLVD / ZENNIA ST, LAMAR BLVD, ZENNIA ST,5200,,701,"(30.319905, -97.730292)",ONLINE,03/29/2018 08:35:00 AM +0000,30.319905,-97.730292
,187,,LOC17-010495,08/17/2017 05:28:00 PM +0000,TURNED_ON,,RADAR,Wavetronix,,,,,,,NORTHEAST,"7,4",,ROADWAY,7200 BLK N LAMAR BLVD, LAMAR BLVD,  ,7200,,,"(30.341338, -97.716444)",OFFLINE,08/17/2017 05:28:00 PM +0000,30.341338,-97.716444
,188,,LOC17-010500,08/17/2017 05:32:00 PM +0000,TURNED_ON,,RADAR,Wavetronix,,,,DPS,,,NORTHEAST,"7,4",,ROADWAY,5900 BLK N LAMAR BLVD (DPS), LAMAR BLVD,  ,5900,,,"(30.328184, -97.724821)",OFFLINE,01/12/2018 03:35:00 PM +0000,30.328184,-97.724821
,189,,LOC17-010505,08/17/2017 06:01:00 PM +0000,TURNED_ON,,RADAR,Wavetronix,,,,,,,NORTHWEST,10,,ROADWAY,3800 BLK FM 2222 RD,FM 2222 RD,  ,3800,,,"(30.342242, -97.76388)",OFFLINE,03/04/2018 03:35:00 PM +0000,30.342242,-97.76388
burnet_duval_loop1,22,,LOC16-002425,,TURNED_ON,,BLUETOOTH,,5160020,,,,,,NORTHWEST,7,,ROADWAY,DUVAL RD / MOPAC EXPY SVRD,DUVAL RD,MOPAC EXPY SVRD,3000,,11975,"(30.4078178, -97.7158508)",OFFLINE,01/20/2018 03:35:00 PM +0000,30.4078178,-97.7158508
fm2222_loop1,51,,LOC16-002165,,TURNED_ON,,BLUETOOTH,,5154860,,,,,,NORTHWEST,10,,ROADWAY,NORTHLAND DR / MOPAC EXPY SVRD,NORTHLAND DR,MOPAC EXPY SVRD,3300,,5700,"(30.3367844, -97.7559586)",OFFLINE,03/03/2018 03:35:00 PM +0000,30.3367844,-97.7559586
7th_plesant_valley,8,,LOC16-001740,,TURNED_ON,,BLUETOOTH,,5161138,,,,,,CENTRAL,3,,ROADWAY,7TH ST / PLEASANT VALLEY RD,7TH ST,PLEASANT VALLEY RD,2750,,500,"(30.2601261, -97.7094955)",OFFLINE,03/04/2018 03:35:00 PM +0000,30.2601261,-97.7094955
fm2222_mcneil,57,,LOC16-004065,,TURNED_ON,,BLUETOOTH,,5147094,,,,,,NORTHWEST,10,,ROADWAY,FM 2222 RD / MC NEIL DR,FM 2222 RD,MC NEIL DR,10100,,10000,"(30.3920841, -97.8351898)",OFFLINE,03/04/2018 03:35:00 PM +0000,30.3920841,-97.8351898
burnet_braker,19,,LOC16-002265,,TURNED_ON,,BLUETOOTH,,5159410,,,,,,NORTHWEST,7,,ROADWAY,BRAKER LN / BURNET RD,BRAKER LN,BURNET RD,2512,,10700,"(30.3911648, -97.7218094)",ONLINE,03/29/2018 08:35:00 AM +0000,30.3911648,-97.7218094
congress_benwhite,39,,LOC16-002035,,TURNED_ON,,BLUETOOTH,,5154265,,,,,,SOUTHWEST,3,,ROADWAY,CONGRESS AVE / BEN WHITE BLVD SVRD,CONGRESS AVE,BEN WHITE BLVD SVRD,3900,,100,"(30.2234097, -97.7635956)",OFFLINE,03/31/2018 08:35:00 AM +0000,30.2234097,-97.7635956
cap_tx_hwy_loop1_nbsr,26,,LOC16-004345,,TURNED_ON,,BLUETOOTH,,5149983,,,,,,SOUTHWEST,8,,ROADWAY,CAPITAL OF TEXAS HWY / MOPAC EXPY SVRD,CAPITAL OF TEXAS HWY,MOPAC EXPY SVRD,3511,,3445,"(30.2477283, -97.8040085)",OFFLINE,05/09/2018 08:35:00 AM +0000,30.2477283,-97.8040085
fm2222_mesa,52,,LOC16-004600,,TURNED_ON,,BLUETOOTH,,5153101,,,,,,NORTHWEST,10,,ROADWAY,FM 2222 RD / MESA DR,FM 2222 RD,MESA DR,4014,,5700,"(30.3413143, -97.7696381)",ONLINE,05/09/2018 08:35:00 AM +0000,30.3413143,-97.7696381
congress_11th,36,,LOC16-001235,,TURNED_ON,,BLUETOOTH,,5157222,,,,,,CENTRAL,1,,ROADWAY,CONGRESS AVE / 11TH ST,CONGRESS AVE,11TH ST,1000,,101,"(30.2727489, -97.7411041)",ONLINE,03/29/2018 08:35:00 AM +0000,30.2727489,-97.7411041
congress_5th,37,,LOC16-001535,,TURNED_ON,,BLUETOOTH,,5156914,,,,,,CENTRAL,9,,ROADWAY,5TH ST / CONGRESS AVE,5TH ST,CONGRESS AVE,100,,500,"(30.2671185, -97.7431717)",ONLINE,03/29/2018 08:35:00 AM +0000,30.2671185,-97.7431717
congress_6th,38,,LOC16-001480,,TURNED_ON,,BLUETOOTH,,5156982,,,,,,CENTRAL,9,,ROADWAY,6TH ST / CONGRESS AVE,6TH ST,CONGRESS AVE,100,,600,"(30.2680664, -97.7428131)",ONLINE,03/29/2018 08:35:00 AM +0000,30.2680664,-97.7428131
congress_wm_cannon,45,,LOC16-002015,,TURNED_ON,,BLUETOOTH,,5152526,,,,,,SOUTHWEST,2,,ROADWAY,CONGRESS AVE / WILLIAM CANNON DR,CONGRESS AVE,WILLIAM CANNON DR,6400,,100,"(30.1930141, -97.7788773)",ONLINE,03/29/2018 08:35:00 AM +0000,30.1930141,-97.7788773
guadalupe_6th,64,,LOC16-001465,,TURNED_ON,,BLUETOOTH,,5156452,,,,,,CENTRAL,9,,ROADWAY,6TH ST / GUADALUPE ST,6TH ST,GUADALUPE ST,400,,600,"(30.2690239, -97.7462616)",ONLINE,03/29/2018 08:35:00 AM +0000,30.2690239,-97.7462616
lamar_6th,72,,LOC16-000585,,TURNED_ON,,BLUETOOTH,,5155322,,,,,,CENTRAL,9,,ROADWAY,6TH ST / LAMAR BLVD,6TH ST,LAMAR BLVD,900,,500,"(30.2715378, -97.7539673)",ONLINE,03/29/2018 08:35:00 AM +0000,30.2715378,-97.7539673
lavaca_6th,90,,LOC16-001470,,TURNED_ON,,BLUETOOTH,,5156605,,,,,,CENTRAL,9,,ROADWAY,6TH ST / LAVACA ST,6TH ST,LAVACA ST,300,,600,"(30.2687168, -97.7452011)",ONLINE,03/29/2018 08:35:00 AM +0000,30.2687168,-97.7452011
5th_red_river,3,,LOC16-001560,,TURNED_ON,,BLUETOOTH,,5157789,,,,,,CENTRAL,9,,ROADWAY,5TH ST / RED RIVER ST,5TH ST,RED RIVER ST,500,,500,"(30.2655354, -97.7374878)",ONLINE,04/19/2018 08:35:00 AM +0000,30.2655354,-97.7374878
lamar_barton_springs,74,,LOC16-000600,,TURNED_ON,,BLUETOOTH,,5154798,,,,,,SOUTHWEST,5,,ROADWAY,LAMAR BLVD / BARTON SPRINGS RD,LAMAR BLVD,BARTON SPRINGS RD,419,,1301,"(30.2608624, -97.758522)",ONLINE,04/26/2018 08:35:00 AM +0000,30.2608624,-97.758522
5th_campbell,2,,LOC16-002815,,TURNED_ON,,BLUETOOTH,,5153901,,,,,,CENTRAL,9,,ROADWAY,5TH ST / CAMPBELL ST,5TH ST,CAMPBELL ST,1600,,500,"(30.2748566, -97.7648392)",ONLINE,03/29/2018 08:35:00 AM +0000,30.2748566,-97.7648392
anderson_mill_bethany,11,,LOC16-004875,,TURNED_ON,,BLUETOOTH,,,,,Bethany,,,NORTHWEST,6,,ROADWAY,9700 BLK ANDERSON MILL RD (Bethany),ANDERSON MILL RD,,9700,,,"(30.4469604, -97.7977066)",ONLINE,03/29/2018 08:35:00 AM +0000,30.4469604,-97.7977066
fm973_pearce,60,,LOC16-005240,,TURNED_ON,,BLUETOOTH,,5166703,,,,,,SOUTHEAST,2,,ROADWAY,FM 973 RD / PEARCE LN,FM 973 RD,PEARCE LN,4700,,10800,"(30.18069517, -97.64674967)",ONLINE,04/04/2018 08:35:00 AM +0000,30.18069517,-97.64674967
7th_shady,9,,LOC16-001805,,TURNED_ON,,BLUETOOTH,,5162417,,,,,,CENTRAL,3,,ROADWAY,7TH ST / SHADY LN,7TH ST,SHADY LN,4600,,702,"(30.2533531, -97.6975708)",ONLINE,04/27/2018 08:35:00 AM +0000,30.2533531,-97.6975708
7th_springdale,10,,LOC16-001800,,TURNED_ON,,BLUETOOTH,,5161943,,,,,,CENTRAL,3,,ROADWAY,7TH ST / SPRINGDALE RD,7TH ST,SPRINGDALE RD,3500,,700,"(30.2560368, -97.7016754)",ONLINE,04/27/2018 08:35:00 AM +0000,30.2560368,-97.7016754
fm2222_loop360,50,,LOC16-004845,,TURNED_ON,,BLUETOOTH,,5150922,,,,,,NORTHWEST,10,,ROADWAY,CAPITAL OF TEXAS HWY / 2222 RD,CAPITAL OF TEXAS HWY,FM 2222 RD,5800,,5721,"(30.359251, -97.7905273)",OFFLINE,05/13/2018 08:35:00 AM +0000,30.359251,-97.7905273
lamar_5th,71,,LOC16-000590,09/15/2017 05:14:00 PM +0000,TURNED_ON,,BLUETOOTH,Wavetronix,5155253,,,,,,CENTRAL,9,,ROADWAY, 5TH ST / LAMAR BLVD, 5TH ST, LAMAR BLVD,926,,500,"(30.2702904, -97.7546005)",OFFLINE,03/04/2018 03:35:00 PM +0000,30.2702904,-97.7546005
2nd_san_jacinto,1,,LOC16-000750,,TURNED_ON,,BLUETOOTH,,5157156,,,,,,CENTRAL,9,,ROADWAY,SAN JACINTO BLVD / 2ND ST,SAN JACINTO BLVD,2ND ST,200,,200,"(30.2636414, -97.7417908)",ONLINE,03/29/2018 08:35:00 AM +0000,30.2636414,-97.7417908
fm812_fm973,59,,LOC16-007020,,TURNED_ON,,BLUETOOTH,,5165411,,,,,,SOUTHEAST,2,,ROADWAY,FM 973 RD / 812 RD,FM 973 RD,FM 812 RD,7320,,10000,"(30.15286, -97.670519)",ONLINE,03/29/2018 08:35:00 AM +0000,30.15286,-97.670519
lamar_51st,70,,LOC16-000010,,TURNED_ON,,BLUETOOTH,,5158588,,,,,,NORTHEAST,"7,9",,ROADWAY,LAMAR BLVD / 51ST ST,LAMAR BLVD,51ST ST,5000,,601,"(30.3187695, -97.7308197)",ONLINE,03/29/2018 08:35:00 AM +0000,30.3187695,-97.7308197
lamar_airport,73,,LOC16-000040,,TURNED_ON,,BLUETOOTH,,5159899,,,,,,NORTHEAST,"7,4",,ROADWAY,AIRPORT BLVD / LAMAR BLVD,AIRPORT BLVD,LAMAR BLVD,7001,,7001,"(30.3376293, -97.7188721)",ONLINE,03/29/2018 08:35:00 AM +0000,30.3376293,-97.7188721
lamar_koenig,78,,LOC16-000020,,TURNED_ON,,BLUETOOTH,,5159119,,,,,,NORTHEAST,"7,4",,ROADWAY,KOENIG LN / LAMAR BLVD,KOENIG LN,LAMAR BLVD,600,,5630,"(30.325943, -97.7263336)",ONLINE,03/29/2018 08:35:00 AM +0000,30.325943,-97.7263336
riverside_plesant_valley,99,,LOC16-001920,,TURNED_ON,,BLUETOOTH,,5159771,,,,,,SOUTHWEST,3,,ROADWAY,PLEASANT VALLEY RD / RIVERSIDE DR,PLEASANT VALLEY RD,RIVERSIDE DR,1950,,2512,"(30.2341137, -97.7228088)",ONLINE,03/29/2018 08:35:00 AM +0000,30.2341137,-97.7228088
elroy_mcangus,48,,LOC16-007025,,TURNED_ON,,BLUETOOTH,,5167173,,,,,,SOUTHEAST,2,,ROADWAY,ELROY RD / HEINE FARM RD,ELROY RD,HEINE FARM RD,7200,,7113,"(30.153975, -97.639766)",ONLINE,04/18/2018 08:35:00 AM +0000,30.153975,-97.639766
cap_tx_hwy_walsh_tarlton,29,,LOC16-004310,,TURNED_ON,,BLUETOOTH,,5149237,,,,,,SOUTHWEST,8,,ROADWAY,CAPITAL OF TEXAS HWY / WALSH TARLTON LN,CAPITAL OF TEXAS HWY,WALSH TARLTON LN,2430,,2715,"(30.2579861, -97.8122482)",ONLINE,04/26/2018 08:35:00 AM +0000,30.2579861,-97.8122482
fm2222_rm620,55,,LOC16-004300,,TURNED_ON,,BLUETOOTH,,5145335,,,,,,NORTHWEST,6,,ROADWAY,FM 620 RD / 2222 RD,FM 620 RD,FM 2222 RD,7100,,10801,"(30.4036922, -97.8540649)",OFFLINE,05/12/2018 08:35:00 AM +0000,30.4036922,-97.8540649
anderson_mill_spicewood_parkway,12,,LOC16-004280,,TURNED_ON,,BLUETOOTH,,5149246,,,,,,NORTHWEST,6,,ROADWAY,ANDERSON MILL RD / SPICEWOOD PKWY,ANDERSON MILL RD,SPICEWOOD PKWY,10407,,11610,"(30.4471569, -97.8072357)",ONLINE,03/29/2018 08:35:00 AM +0000,30.4471569,-97.8072357
anderson_mill_us183,13,,LOC16-002950,,TURNED_ON,,BLUETOOTH,,5150772,,,,,,NORTHWEST,6,,ROADWAY,ANDERSON MILL RD / 183 HWY SVRD,ANDERSON MILL RD,US 183 HWY SVRD,9320,,13437,"(30.4488926, -97.7900314)",ONLINE,03/29/2018 08:35:00 AM +0000,30.4488926,-97.7900314
benwhite_montopolis,14,,LOC16-002490,,TURNED_ON,,BLUETOOTH,,5161016,,,,,,SOUTHEAST,"3,2",,ROADWAY,BEN WHITE BLVD SVRD / MONTOPOLIS DR,BEN WHITE BLVD SVRD,MONTOPOLIS DR,6304,,3000,"(30.2126865, -97.7120972)",ONLINE,03/29/2018 08:35:00 AM +0000,30.2126865,-97.7120972
burnet_45th,17,,LOC16-000445,,TURNED_ON,,BLUETOOTH,,5156974,,,,,,CENTRAL,"10,7,9",,ROADWAY,BURNET RD / 45TH ST,BURNET RD,45TH ST,4500,,1401,"(30.3154011, -97.7415695)",ONLINE,03/29/2018 08:35:00 AM +0000,30.3154011,-97.7415695
6th_ih35,6,,LOC16-001645,,TURNED_ON,,BLUETOOTH,,5158201,,,,,,CENTRAL,"3,9",,ROADWAY,6TH ST / 35 SVRD,6TH ST,IH 35 SVRD,700,,600,"(30.2658806, -97.7350006)",OFFLINE,05/13/2018 08:35:00 AM +0000,30.2658806,-97.7350006
cesar_chavez_br_reynolds,32,,LOC16-001130,,TURNED_ON,,BLUETOOTH,,5154951,,,,,,CENTRAL,9,,ROADWAY,CESAR CHAVEZ ST / B R REYNOLDS DR,CESAR CHAVEZ ST,B R REYNOLDS DR,1000,,100,"(30.266964, -97.7570953)",ONLINE,03/29/2018 08:35:00 AM +0000,30.266964,-97.7570953
lamar_braker,76,,LOC16-002300,,TURNED_ON,,BLUETOOTH,,5163282,,,,,,NORTHEAST,"7,4",,BUILDING,BRAKER LN / LAMAR BLVD,BRAKER LN,LAMAR BLVD,700,,11300,"(30.3819351, -97.6863708)",ONLINE,05/12/2018 08:35:00 AM +0000,30.3819351,-97.6863708
,151,3,LOC17-010410,07/03/2017 03:06:00 PM +0000,TURNED_ON,05/05/2014 05:00:00 AM +0000,RADAR,Wavetronix,5156224,,,,,,CENTRAL,9,,ROADWAY, LAMAR BLVD / SHOAL CREEK BLVD, LAMAR BLVD, SHOAL CREEK BLVD,2600,,2710,"(30.292767, -97.74719)",ONLINE,04/15/2018 08:35:00 AM +0000,30.292767,-97.74719
,152,4,LOC17-010415,07/03/2017 03:13:00 PM +0000,TURNED_ON,03/05/2015 06:00:00 AM +0000,RADAR,Wavetronix,,,,Congress Bridge,,,SOUTHWEST,9,,ROADWAY,100 BLK S CONGRESS AVE (Congress Bridge), CONGRESS AVE,  ,100,,,"(30.259791, -97.746034)",ONLINE,03/29/2018 08:35:00 AM +0000,30.259791,-97.746034
,153,14,LOC16-007265,07/03/2017 03:28:00 PM +0000,TURNED_ON,05/05/2015 05:00:00 AM +0000,RADAR,Wavetronix,,,,South of Barton Springs Rd,,,SOUTHWEST,5,,ROADWAY,400 BLK AZIE MORTON RD (South of Barton Springs Rd), AZIE MORTON RD,  ,400,,,"(30.264245, -97.765802)",ONLINE,03/29/2018 08:35:00 AM +0000,30.264245,-97.765802
,155,9,LOC16-004100,07/03/2017 03:42:00 PM +0000,TURNED_ON,06/17/2015 05:00:00 AM +0000,RADAR,Wavetronix,5149818,,,,,,NORTHWEST,10,,ROADWAY, CAPITAL OF TEXAS HWY / CEDAR ST, CAPITAL OF TEXAS HWY, CEDAR ST,3700,,6301,"(30.339468, -97.8035583)",ONLINE,06/06/2018 08:35:00 AM +0000,30.339468,-97.8035583
cesar_chavez_red_river,35,,LOC16-000755,,TURNED_ON,,BLUETOOTH,,5157601,,,,,,CENTRAL,9,,ROADWAY,CESAR CHAVEZ ST / RED RIVER ST,CESAR CHAVEZ ST,RED RIVER ST,400,,96,"(30.2617817, -97.7387924)",OFFLINE,01/11/2018 03:35:00 PM +0000,30.2617817,-97.7387924
fm973_burleson,58,,LOC16-007015,,TURNED_ON,,BLUETOOTH,,5166040,,,,,,SOUTHEAST,2,,ROADWAY,FM 973 RD / BURLESON RD,FM 973 RD,BURLESON RD,6210,,10300,"(30.167316, -97.659321)",OFFLINE,03/04/2018 03:35:00 PM +0000,30.167316,-97.659321
burleson_emma_browning,16,,LOC16-002940,,TURNED_ON,,BLUETOOTH,,5165374,,,,,,SOUTHEAST,2,,ROADWAY,BURLESON RD / EMMA BROWNING AVE,BURLESON RD,EMMA BROWNING AVE,9609,,5201,"(30.1731625, -97.6705399)",ONLINE,03/29/2018 08:35:00 AM +0000,30.1731625,-97.6705399
riverside_montopolis,98,,LOC16-002695,,TURNED_ON,,BLUETOOTH,,5161846,,,,,,SOUTHWEST,3,,ROADWAY,RIVERSIDE DR / MONTOPOLIS DR,RIVERSIDE DR,MONTOPOLIS DR,6200,,1901,"(30.2249317, -97.7034378)",ONLINE,03/29/2018 08:35:00 AM +0000,30.2249317,-97.7034378
wm_cannon_bluff_springs,132,,LOC16-002030,,TURNED_ON,,BLUETOOTH,,5153808,,,,,,SOUTHWEST,2,,ROADWAY,WILLIAM CANNON DR / BLUFF SPRINGS RD,WILLIAM CANNON DR,BLUFF SPRINGS RD,1616,,6601,"(30.1891956, -97.7678909)",ONLINE,03/29/2018 08:35:00 AM +0000,30.1891956,-97.7678909
cap_tx_hwy_westgate,30,,LOC16-002080,,TURNED_ON,,BLUETOOTH,,5150283,,,,,,SOUTHWEST,5,,ROADWAY,CAPITAL OF TEXAS HWY / WEST GATE BLVD,CAPITAL OF TEXAS HWY,WEST GATE BLVD,3800,,3901,"(30.2421951, -97.8011093)",ONLINE,05/09/2018 08:35:00 AM +0000,30.2421951,-97.8011093
,170,,LOC16-000980,08/01/2017 08:09:00 PM +0000,TURNED_ON,,BLUETOOTH,TrafficNet,5156706,,,,,,SOUTHEAST,2,,ROADWAY, PLEASANT VALLEY RD / WILLIAM CANNON DR, PLEASANT VALLEY RD, WILLIAM CANNON DR,6406,,5100,"(30.1796741, -97.7469025)",ONLINE,03/29/2018 08:35:00 AM +0000,30.1796741,-97.7469025
,190,,LOC17-012280,12/01/2017 10:45:00 PM +0000,TURNED_ON,05/05/2013 05:00:00 AM +0000,RADAR,Wavetronix,,,,,,,NORTHWEST,10,,ROADWAY,12018 BLK JOLLYVILLE RD, JOLLYVILLE RD,  ,12018,,,"(30.428004, -97.76059)",NO COMMUNICATION,12/02/2017 09:35:00 AM +0000,30.428004,-97.76059
,191,,LOC17-012285,12/01/2017 10:45:00 PM +0000,TURNED_ON,05/05/2013 05:00:00 AM +0000,RADAR,Wavetronix,,,,,,,NORTHEAST,7,,ROADWAY, LAMAR BLVD / CADDO ST, LAMAR BLVD, CADDO ST,11508,,601,"(30.385798, -97.68455)",NO COMMUNICATION,12/02/2017 09:35:00 AM +0000,30.385798,-97.68455
,192,,LOC17-012290,12/01/2017 10:44:00 PM +0000,TURNED_ON,05/05/2012 05:00:00 AM +0000,RADAR,Wavetronix,,,,,,,NORTHEAST,4,,ROADWAY, LAMAR BLVD / BEAVER ST, LAMAR BLVD, BEAVER ST,8500,,501,"(30.354446, -97.704086)",NO COMMUNICATION,12/02/2017 09:35:00 AM +0000,30.354446,-97.704086
,193,,LOC17-012295,12/01/2017 10:53:00 PM +0000,TURNED_ON,05/05/2012 05:00:00 AM +0000,RADAR,Wavetronix,,,,,,,CENTRAL,"9,10",,ROADWAY, LAMAR BLVD / 39TH HALF ST, LAMAR BLVD, 39TH HALF ST,3908,,1001,"(30.306806, -97.741928)",NO COMMUNICATION,12/02/2017 09:35:00 AM +0000,30.306806,-97.741928
burnet_gault,20,,LOC16-002245,,TURNED_ON,,BLUETOOTH,,5160013,,,,,,NORTHWEST,7,,ROADWAY,BURNET RD / GAULT LN,BURNET RD,GAULT LN,11700,,2901,"(30.4049339, -97.7160492)",OFFLINE,01/11/2018 03:35:00 PM +0000,30.4049339,-97.7160492
congress_oltorf,41,,LOC16-000710,,TURNED_ON,,BLUETOOTH,,5155470,,,,,,SOUTHWEST,"3,9",,ROADWAY,CONGRESS AVE / OLTORF ST,CONGRESS AVE,OLTORF ST,2300,,101,"(30.23876, -97.7535172)",OFFLINE,01/11/2018 03:35:00 PM +0000,30.23876,-97.7535172
fm973_tx71,61,,LOC16-004320,,TURNED_ON,,BLUETOOTH,,5167205,,,,,,SOUTHEAST,2,,ROADWAY,SH 71  / 973 RD,SH 71,FM 973 RD,3228,,3301,"(30.2023029, -97.6377563)",OFFLINE,01/21/2018 03:35:00 PM +0000,30.2023029,-97.6377563
5th_trinity,4,,LOC16-001550,,TURNED_ON,,BLUETOOTH,,5157443,,,,,,CENTRAL,9,,ROADWAY,5TH ST / TRINITY ST,5TH ST,TRINITY ST,300,,500,"(30.2661324, -97.7396774)",OFFLINE,03/04/2018 03:35:00 PM +0000,30.2661324,-97.7396774
lamar_12th,65,,LOC16-000515,,TURNED_ON,,BLUETOOTH,,5155653,,,,,,CENTRAL,9,,ROADWAY,LAMAR BLVD / PARKWAY,LAMAR BLVD,PARKWAY,1200,,1200,"(30.277359, -97.7511673)",OFFLINE,03/04/2018 03:35:00 PM +0000,30.277359,-97.7511673
lavaca_5th,89,,LOC16-001525,,TURNED_ON,,BLUETOOTH,,5156555,,,,,,CENTRAL,9,,ROADWAY,5TH ST / LAVACA ST,5TH ST,LAVACA ST,300,,500,"(30.2677956, -97.7455444)",OFFLINE,03/04/2018 03:35:00 PM +0000,30.2677956,-97.7455444
us183_vargas,121,,LOC16-002440,,TURNED_ON,,BLUETOOTH,,5163534,,,,,,SOUTHWEST,3,,ROADWAY,BASTROP HWY / VARGAS RD,BASTROP HWY,VARGAS RD,247,,301,"(30.2398014, -97.6882172)",OFFLINE,03/04/2018 03:35:00 PM +0000,30.2398014,-97.6882172
cota_northgate,46,,LOC16-006925,,TURNED_ON,,BLUETOOTH,,5168033,,,COTA NORTH GATE,COTA NORTH GATE,,SOUTHEAST,2,,ROADWAY,CIRCUIT OF THE AMERICAS BLVD / ELROY RD (COTA NORTH GATE),CIRCUIT OF THE AMERICAS BLVD,ELROY RD,7800,,7713,"(30.146154, -97.623441)",ONLINE,04/19/2018 08:35:00 AM +0000,30.146154,-97.623441
cota_southgate,47,,LOC16-006930,,TURNED_ON,,BLUETOOTH,,5166789,,,COTA SOUTH  GATE,COTA SOUTH  GATE,,SOUTHEAST,2,,ROADWAY,CIRCUIT OF THE AMERICAS BLVD / 812 RD (COTA SOUTH  GATE),CIRCUIT OF THE AMERICAS BLVD,FM 812 RD,9514,,12510,"(30.132037, -97.647147)",ONLINE,04/20/2018 08:35:00 AM +0000,30.132037,-97.647147
rm620_pecan_park,106,,LOC16-003080,08/01/2017 08:19:00 PM +0000,TURNED_ON,,BLUETOOTH,TrafficNet,5149456,,,,,,NORTHWEST,6,,ROADWAY,FM 620 RD / PECAN PARK BLVD,FM 620 RD, PECAN PARK BLVD,12700,,11000,"(30.4667587, -97.8042831)",OFFLINE,01/20/2018 03:35:00 PM +0000,30.4667587,-97.8042831
tx71_silvermine,119,,LOC16-002600,08/01/2017 08:21:00 PM +0000,TURNED_ON,,BLUETOOTH,TrafficNet,5143788,,,,,,SOUTHWEST,8,,ROADWAY,SH 71  / FLETCHER LN,SH 71 , FLETCHER LN,7500,,6301,"(30.2470665, -97.888443)",OFFLINE,01/11/2018 03:35:00 PM +0000,30.2470665,-97.888443
us183_fm812,122,,LOC16-007255,,TURNED_ON,,BLUETOOTH,,5163226,,,,,,SOUTHEAST,,,ROADWAY,US 183 HWY / 812 RD,US 183 HWY,FM 812 RD,6500,,8600,"(30.1641817, -97.69317091)",OFFLINE,01/21/2018 03:35:00 PM +0000,30.1641817,-97.69317091
guadalupe_27th,136,,LOC16-000210,,TURNED_ON,,BLUETOOTH,,5157142,,,,,,CENTRAL,9,,ROADWAY,GUADALUPE ST / 27TH ST,GUADALUPE ST,27TH ST,2700,,401,"(30.2919846, -97.7411499)",OFFLINE,01/21/2018 03:35:00 PM +0000,30.2919846,-97.7411499
51st_us183,141,,LOC16-003635,,TURNED_ON,,BLUETOOTH,,5165577,,,,,,NORTHEAST,1,,ROADWAY,ED BLUESTEIN BLVD / 51ST ST,ED BLUESTEIN BLVD,51ST ST,5300,,5600,"(30.2923031, -97.6636276)",OFFLINE,01/20/2018 03:35:00 PM +0000,30.2923031,-97.6636276
lamar_panther,145,,LOC16-000915,,TURNED_ON,,BLUETOOTH,,5151313,,,,,,SOUTHWEST,5,,ROADWAY,LAMAR BLVD / PANTHER TRL,LAMAR BLVD,PANTHER TRL,3201,,2317,"(30.2386703, -97.7892838)",OFFLINE,01/11/2018 03:35:00 PM +0000,30.2386703,-97.7892838
kinney_lamar,129,,LOC17-007395,,TURNED_ON,,BLUETOOTH,,,,,NW 300ft NW of Lamar,,,SOUTHWEST,5,,ROADWAY,2021 BLK KINNEY AVE (NW 300ft NW of Lamar),KINNEY AVE,,2021,,,"(30.248691, -97.770409)",OFFLINE,03/04/2018 03:35:00 PM +0000,30.248691,-97.770409
6th_campbell,5,,LOC16-001015,,TURNED_ON,,BLUETOOTH,,5153995,,,,,,CENTRAL,9,,ROADWAY,6TH ST / CAMPBELL ST,6TH ST,CAMPBELL ST,1600,,500,"(30.2757683, -97.7642212)",ONLINE,03/29/2018 08:35:00 AM +0000,30.2757683,-97.7642212
7th_chicon,7,,LOC16-001725,,TURNED_ON,,BLUETOOTH,,5159761,,,,,,CENTRAL,"3,1",,ROADWAY,7TH ST / CHICON ST,7TH ST,CHICON ST,1700,,700,"(30.2625771, -97.7221146)",ONLINE,03/29/2018 08:35:00 AM +0000,30.2625771,-97.7221146
benwhite_riverside,15,,LOC16-002455,,TURNED_ON,,BLUETOOTH,,5367215,,,,,,SOUTHEAST,3,,ROADWAY,BEN WHITE BLVD / RIVERSIDE DR,BEN WHITE BLVD,RIVERSIDE DR,7700,,7700,"(30.21883, -97.69118)",ONLINE,03/29/2018 08:35:00 AM +0000,30.21883,-97.69118
burnet_anderson,18,,LOC16-000385,,TURNED_ON,,BLUETOOTH,,5158455,,,,,,NORTHWEST,7,,ROADWAY,ANDERSON LN / BURNET RD,ANDERSON LN,BURNET RD,2300,,7900,"(30.3561535, -97.730896)",ONLINE,03/29/2018 08:35:00 AM +0000,30.3561535,-97.730896
burnet_koenig,21,,LOC16-000415,,TURNED_ON,,BLUETOOTH,,5157162,,,KOENLIG LN,KOENIG LN,,NORTHWEST,7,,BUILDING,ALLANDALE RD / BURNET RD (KOENLIG LN),ALLANDALE RD,BURNET RD,2100,,5900,"(30.3348522, -97.7398224)",ONLINE,03/29/2018 08:35:00 AM +0000,30.3348522,-97.7398224
burnet_us183,23,,LOC16-003045,,TURNED_ON,,BLUETOOTH,,5158961,,,,,,NORTHWEST,7,,ROADWAY,BURNET RD / RESEARCH BLVD SVRD,BURNET RD,RESEARCH BLVD SVRD,8927,,9052,"(30.3728848, -97.7264786)",ONLINE,03/29/2018 08:35:00 AM +0000,30.3728848,-97.7264786
us290_tx71,124,,LOC16-003495,08/01/2017 08:21:00 PM +0000,TURNED_ON,,BLUETOOTH,TrafficNet,5144363,,,,,,SOUTHWEST,8,,ROADWAY,SH 71  / 290 HWY,SH 71 ,US 290 HWY,6901,,6851,"(30.2333431, -97.8747025)",OFFLINE,03/04/2018 03:35:00 PM +0000,30.2333431,-97.8747025
pascal_loop360,27,,LOC16-004265,,TURNED_ON,,BLUETOOTH,,5148102,,,,,,NORTHWEST,10,,ROADWAY,CAPITAL OF TEXAS HWY / PASCAL LN,CAPITAL OF TEXAS HWY,PASCAL LN,1000,,2,"(30.3154545, -97.8260498)",OFFLINE,05/06/2018 08:35:00 AM +0000,30.3154545,-97.8260498
cap_tx_hwy_courtyard,24,,LOC16-004195,,TURNED_ON,,BLUETOOTH,,5150534,,,,,,NORTHWEST,10,,ROADWAY,CAPITAL OF TEXAS HWY / COURTYARD DR,CAPITAL OF TEXAS HWY,COURTYARD DR,5409,,5400,"(30.352457, -97.7952881)",OFFLINE,05/13/2018 08:35:00 AM +0000,30.352457,-97.7952881
cap_tx_hwy_lakewood,25,,LOC16-004175,,TURNED_ON,,BLUETOOTH,,5151320,,,,,,NORTHWEST,10,,ROADWAY,CAPITAL OF TEXAS HWY / LAKEWOOD DR,CAPITAL OF TEXAS HWY,LAKEWOOD DR,6822,,7200,"(30.3716736, -97.7856598)",OFFLINE,05/13/2018 08:35:00 AM +0000,30.3716736,-97.7856598
lamar_payton_gin,85,,LOC16-002325,,TURNED_ON,,BLUETOOTH,,5161813,,,,,,NORTHEAST,4,,ROADWAY,LAMAR BLVD / PAYTON GIN RD,LAMAR BLVD,PAYTON GIN RD,8900,,801,"(30.3576469, -97.7001114)",OFFLINE,01/21/2018 03:35:00 PM +0000,30.3576469,-97.7001114
lamar_rundberg,87,,LOC16-002330,,TURNED_ON,,BLUETOOTH,,5162155,,,,,,NORTHEAST,4,,ROADWAY,LAMAR BLVD / RUNDBERG LN,LAMAR BLVD,RUNDBERG LN,9200,,411,"(30.3631401, -97.6970215)",OFFLINE,03/04/2018 03:35:00 PM +0000,30.3631401,-97.6970215
lamar_mlk,81,,LOC16-000545,,TURNED_ON,,BLUETOOTH,,5155501,,,,,,CENTRAL,9,,ROADWAY,LAMAR BLVD / MARTIN LUTHER KING JR BLVD,LAMAR BLVD,MARTIN LUTHER KING JR BLVD,1900,,1109,"(30.2836018, -97.7520752)",ONLINE,03/29/2018 08:35:00 AM +0000,30.2836018,-97.7520752
lamar_morrow,82,,LOC16-002310,,TURNED_ON,,BLUETOOTH,,5160315,,,,,,NORTHEAST,"7,4",,ROADWAY,LAMAR BLVD / MORROW ST,LAMAR BLVD,MORROW ST,7500,,701,"(30.3439732, -97.7149658)",ONLINE,03/29/2018 08:35:00 AM +0000,30.3439732,-97.7149658
lamar_oltorf,83,,LOC16-000610,,TURNED_ON,,BLUETOOTH,,5153332,,,,,,SOUTHWEST,5,,ROADWAY,LAMAR BLVD / OLTORF ST,LAMAR BLVD,OLTORF ST,2059,,1401,"(30.2484131, -97.7699509)",ONLINE,04/26/2018 08:35:00 AM +0000,30.2484131,-97.7699509
rm620_us183,107,,LOC16-004415,08/01/2017 08:20:00 PM +0000,TURNED_ON,,BLUETOOTH,TrafficNet,5150132,,,,,,NORTHWEST,6,,ROADWAY,FM 620 RD / 183 HWY SVRD,FM 620 RD,US 183 HWY SVRD,13100,,13877,"(30.4691181, -97.7966461)",OFFLINE,01/21/2018 03:35:00 PM +0000,30.4691181,-97.7966461
us183_metropolis,123,,LOC16-004235,,TURNED_ON,,BLUETOOTH,,5164191,,,,,,SOUTHEAST,2,,ROADWAY,US 183 HWY / METROPOLIS DR,US 183 HWY,METROPOLIS DR,2800,,7700,"(30.2099247, -97.6832809)",OFFLINE,03/04/2018 03:35:00 PM +0000,30.2099247,-97.6832809
south_1st_barton_spring,112,,LOC16-000665,,TURNED_ON,,BLUETOOTH,,5155886,,,,,,SOUTHWEST,9,,ROADWAY,1ST ST / BARTON SPRINGS RD,1ST ST,BARTON SPRINGS RD,300,,401,"(30.2583828, -97.7500687)",ONLINE,03/29/2018 08:35:00 AM +0000,30.2583828,-97.7500687
south_1st_oltorf,113,,LOC16-000720,,TURNED_ON,,BLUETOOTH,,5154726,,,,,,SOUTHWEST,"3,9",,ROADWAY,OLTORF ST / 1ST ST,OLTORF ST,1ST ST,600,,2301,"(30.2421112, -97.7596207)",ONLINE,03/29/2018 08:35:00 AM +0000,30.2421112,-97.7596207
south_1st_st_elmo,114,,LOC16-001970,,TURNED_ON,,BLUETOOTH,,5153096,,,,,,SOUTHWEST,3,,ROADWAY,1ST ST / ST ELMO RD,1ST ST,ST ELMO RD,4400,,601,"(30.2210426, -97.7728806)",ONLINE,03/29/2018 08:35:00 AM +0000,30.2210426,-97.7728806
south_1st_benwhite,115,,LOC16-002660,,TURNED_ON,,BLUETOOTH,,5153502,,,,,,SOUTHWEST,3,,ROADWAY,1ST ST / BEN WHITE BLVD SVRD,1ST ST,BEN WHITE BLVD SVRD,3817,,600,"(30.226881, -97.7692413)",ONLINE,03/29/2018 08:35:00 AM +0000,30.226881,-97.7692413
,148,5,LOC17-010400,07/03/2017 02:42:00 PM +0000,TURNED_ON,03/02/2015 06:00:00 AM +0000,RADAR,Wavetronix,5155103,,,Lamar Bridge,,,CENTRAL,9,,ROADWAY, LAMAR BLVD / SANDRA MURAIDA WAY (Lamar Bridge), LAMAR BLVD, SANDRA MURAIDA WAY,101,,200,"(30.2668, -97.756051)",ONLINE,03/29/2018 08:35:00 AM +0000,30.2668,-97.756051
,149,7,LOC17-010405,07/03/2017 02:47:00 PM +0000,TURNED_ON,03/02/2015 06:00:00 AM +0000,RADAR,Wavetronix,,,,South 1st Bridge,,,SOUTHWEST,9,,ROADWAY,1 BLK S 1ST ST (South 1st Bridge), 1ST ST,  ,1,,,"(30.260839, -97.74861)",ONLINE,03/29/2018 08:35:00 AM +0000,30.260839,-97.74861
,150,19,LOC17-007395,07/03/2017 02:49:00 PM +0000,TURNED_ON,03/02/2015 06:00:00 AM +0000,RADAR,Wavetronix,,,,NW 300ft NW of Lamar,,,SOUTHWEST,5,,ROADWAY,2021 BLK KINNEY AVE (NW 300ft NW of Lamar), KINNEY AVE,  ,2021,,,"(30.248691, -97.770409)",ONLINE,06/06/2018 08:35:00 AM +0000,30.248691,-97.770409
,161,,LOC17-010440,07/03/2017 05:11:00 PM +0000,TURNED_ON,05/05/2013 05:00:00 AM +0000,RADAR,Wavetronix,,,,School Flasher,,,SOUTHWEST,5,,ROADWAY,1200 BLK W SLAUGHTER LN (School Flasher), SLAUGHTER LN,  ,1200,,,"(30.174019, -97.813191)",OFFLINE,01/21/2018 03:35:00 PM +0000,30.174019,-97.813191
,171,,LOC16-003460,08/01/2017 08:11:00 PM +0000,TURNED_ON,,BLUETOOTH,TrafficNet,5167104,,,,,,NORTHEAST,1,,ROADWAY,FM 969 RD / DECKER LN,FM 969 RD, DECKER LN,8600,,5200,"(30.2767944, -97.6372757)",OFFLINE,01/20/2018 03:35:00 PM +0000,30.2767944,-97.6372757
lavaca_15th,88,,LOC16-001085,,TURNED_ON,,BLUETOOTH,,5157084,,,,,,CENTRAL,"1,9",,ROADWAY,15TH ST / LAVACA ST,15TH ST,LAVACA ST,300,,1500,"(30.2776051, -97.7419281)",OFFLINE,01/20/2018 03:35:00 PM +0000,30.2776051,-97.7419281
cap_tx_hwy_spicewood_springs_north,28,,LOC16-004185,,TURNED_ON,,BLUETOOTH,,5153292,,,EAST - BLUFFSTONE DR,,,NORTHWEST,10,,ROADWAY,CAPITAL OF TEXAS HWY / SPICEWOOD SPRINGS RD (EAST - BLUFFSTONE DR ),CAPITAL OF TEXAS HWY,SPICEWOOD SPRINGS RD,8400,,5301,"(30.3850155, -97.7667313)",ONLINE,03/29/2018 08:35:00 AM +0000,30.3850155,-97.7667313
lamar_29th,67,,LOC16-000525,,TURNED_ON,,BLUETOOTH,,5155961,,,,,,CENTRAL,"10,9",,ROADWAY,LAMAR BLVD / 29TH ST,LAMAR BLVD,29TH ST,2900,,1001,"(30.2981358, -97.7484741)",ONLINE,04/15/2018 08:35:00 AM +0000,30.2981358,-97.7484741
lamar_38th,68,,LOC16-000510,,TURNED_ON,,BLUETOOTH,,5156777,,,,,,CENTRAL,"10,9",,ROADWAY,38TH ST / LAMAR BLVD,38TH ST,LAMAR BLVD,1000,,3800,"(30.3051968, -97.7430496)",ONLINE,04/15/2018 08:35:00 AM +0000,30.3051968,-97.7430496
cap_tx_hwy_westlake,31,,LOC16-004095,,TURNED_ON,,BLUETOOTH,,5149583,,,,,,NORTHWEST,10,,ROADWAY,CAPITAL OF TEXAS HWY / WESTLAKE DR,CAPITAL OF TEXAS HWY,WESTLAKE DR,3700,,4300,"(30.3352509, -97.8062515)",OFFLINE,05/13/2018 08:35:00 AM +0000,30.3352509,-97.8062515
fm2222_riverplace,54,,LOC16-004070,,TURNED_ON,,BLUETOOTH,,5146187,,,,,,NORTHWEST,"10,6",,ROADWAY,FM 2222 RD / RIVER PLACE BLVD,FM 2222 RD,RIVER PLACE BLVD,10600,,6701,"(30.3945255, -97.8455124)",OFFLINE,05/13/2018 08:35:00 AM +0000,30.3945255,-97.8455124
,167,,LOC16-003670,07/03/2017 08:23:00 PM +0000,TURNED_ON,05/05/2013 05:00:00 AM +0000,RADAR,Wavetronix,5150518,,,SCOTLAND WELL DR,,,NORTHWEST,"10,6",,ROADWAY, OLD LAMPASAS TRL / SPICEWOOD SPRINGS RD (SCOTLAND WELL DR), OLD LAMPASAS TRL, SPICEWOOD SPRINGS RD,8800,,8043,"(30.4225273, -97.7936096)",OFFLINE,03/04/2018 03:35:00 PM +0000,30.4225273,-97.7936096
,184,,LOC16-004660,08/02/2017 03:23:00 PM +0000,TURNED_ON,,BLUETOOTH,TrafficNet,5154806,,,,,,CENTRAL,9,,ROADWAY, 5TH ST / WALSH ST, 5TH ST, WALSH ST,1200,,500,"(30.2716541, -97.7581711)",OFFLINE,01/20/2018 03:35:00 PM +0000,30.2716541,-97.7581711
,194,,LOC17-012300,12/01/2017 10:56:00 PM +0000,TURNED_ON,01/01/2012 06:00:00 AM +0000,RADAR,Wavetronix,,,,,,,CENTRAL,9,,ROADWAY,BLK N MOPAC SB TO 5TH EB RAMP, N MOPAC SB TO 5TH EB RAMP,  ,,,,"(30.276033, -97.767453)",NO COMMUNICATION,12/02/2017 09:35:00 AM +0000,30.276033,-97.767453
,195,,LOC17-010520,03/07/2018 06:00:00 AM +0000,TURNED_ON,,RADAR,Wavetronix,,,,,,,CENTRAL,9,,ROADWAY,1600 BLK W 5TH ST, 5TH ST,  ,1600,,,"(30.274172, -97.763824)",NO COMMUNICATION,03/08/2018 03:35:00 PM +0000,30.274172,-97.763824
congress_slaughter,43,,LOC16-003830,,TURNED_ON,,BLUETOOTH,,5151549,,,,,,SOUTHWEST,"5,2",,ROADWAY,CONGRESS AVE / SLAUGHTER LN,CONGRESS AVE,SLAUGHTER LN,8516,,126,"(30.1671066, -97.788559)",ONLINE,03/30/2018 08:35:00 AM +0000,30.1671066,-97.788559
south_1st_slaughter,116,,LOC16-001010,,TURNED_ON,,BLUETOOTH,,5150579,,,,,,SOUTHWEST,"5,2",,ROADWAY,SLAUGHTER LN / 1ST ST,SLAUGHTER LN,1ST ST,600,,8901,"(30.1724548, -97.7995529)",ONLINE,03/30/2018 08:35:00 AM +0000,30.1724548,-97.7995529
congress_cesar_chavez,33,,LOC16-000740,,TURNED_ON,,BLUETOOTH,,5156722,,,,,,CENTRAL,9,,ROADWAY,CESAR CHAVEZ ST / CONGRESS AVE,CESAR CHAVEZ ST,CONGRESS AVE,100,,100,"(30.263382, -97.7445679)",ONLINE,03/29/2018 08:35:00 AM +0000,30.263382,-97.7445679
cesar_chavez_lavaca,34,,LOC16-000735,,TURNED_ON,,BLUETOOTH,,5156353,,,,,,CENTRAL,9,,ROADWAY,CESAR CHAVEZ ST / LAVACA ST,CESAR CHAVEZ ST,LAVACA ST,300,,100,"(30.2640705, -97.7469406)",ONLINE,03/29/2018 08:35:00 AM +0000,30.2640705,-97.7469406
congress_elizabeth,40,,LOC16-001120,,TURNED_ON,,BLUETOOTH,,5155942,,,,,,SOUTHWEST,9,,ROADWAY,CONGRESS AVE / ELIZABETH ST,CONGRESS AVE,ELIZABETH ST,1500,,101,"(30.2489243, -97.749939)",ONLINE,03/29/2018 08:35:00 AM +0000,30.2489243,-97.749939
riverside_congress,42,,LOC16-000685,,TURNED_ON,,BLUETOOTH,,5156395,,,,,,SOUTHWEST,9,,ROADWAY,CONGRESS AVE / RIVERSIDE DR,CONGRESS AVE,RIVERSIDE DR,300,,101,"(30.257143, -97.7468719)",ONLINE,03/29/2018 08:35:00 AM +0000,30.257143,-97.7468719
congress_stassney,44,,LOC16-002005,,TURNED_ON,,BLUETOOTH,,5152923,,,,,,SOUTHWEST,"3,2",,ROADWAY,CONGRESS AVE / STASSNEY LN,CONGRESS AVE,STASSNEY LN,5536,,100,"(30.204942, -97.77479)",ONLINE,03/29/2018 08:35:00 AM +0000,30.204942,-97.77479
guadalupe_15th,62,,LOC16-001080,,TURNED_ON,,BLUETOOTH,,5156901,,,,,,CENTRAL,9,,ROADWAY,GUADALUPE ST / 15TH ST,GUADALUPE ST,15TH ST,1500,,300,"(30.2779, -97.743)",ONLINE,03/29/2018 08:35:00 AM +0000,30.2779,-97.743
guadalupe_5th,63,,LOC16-001570,,TURNED_ON,,BLUETOOTH,,5156387,,,,,,CENTRAL,9,,ROADWAY,5TH ST / GUADALUPE ST,5TH ST,GUADALUPE ST,400,,500,"(30.2680931, -97.7466354)",ONLINE,03/29/2018 08:35:00 AM +0000,30.2680931,-97.7466354
lamar_24th,66,,LOC16-000535,,TURNED_ON,,BLUETOOTH,,5155404,,,,,,CENTRAL,9,,ROADWAY,LAMAR BLVD / 24TH ST,LAMAR BLVD,24TH ST,2300,,1301,"(30.2885342, -97.7527695)",ONLINE,03/29/2018 08:35:00 AM +0000,30.2885342,-97.7527695
lamar_45th,69,,LOC16-000505,,TURNED_ON,,BLUETOOTH,,5157553,,,,,,CENTRAL,"10,9",,ROADWAY,LAMAR BLVD / 45TH ST,LAMAR BLVD,45TH ST,4400,,1001,"(30.3134632, -97.7375946)",ONLINE,03/29/2018 08:35:00 AM +0000,30.3134632,-97.7375946
lamar_parmer,84,,LOC16-002540,,TURNED_ON,,BLUETOOTH,,5164152,,,,,,NORTHWEST,7,,BUILDING,LAMAR BLVD / PARMER LN,LAMAR BLVD,PARMER LN,12400,,1001,"(30.4078522, -97.6782227)",ONLINE,03/29/2018 08:35:00 AM +0000,30.4078522,-97.6782227
mlk_guadalupe,91,,LOC16-000110,,TURNED_ON,,BLUETOOTH,,5157068,,,,,,CENTRAL,9,,ROADWAY,GUADALUPE ST / MARTIN LUTHER KING JR BLVD,GUADALUPE ST,MARTIN LUTHER KING JR BLVD,1900,,401,"(30.2817326, -97.7419281)",ONLINE,03/29/2018 08:35:00 AM +0000,30.2817326,-97.7419281
mlk_ih35,92,,LOC16-000170,,TURNED_ON,,BLUETOOTH,,5158756,,,,,,CENTRAL,1,,ROADWAY,MARTIN LUTHER KING JR BLVD / 35 SVRD,MARTIN LUTHER KING JR BLVD,IH 35 SVRD,600,,1900,"(30.2785587, -97.730484)",ONLINE,03/29/2018 08:35:00 AM +0000,30.2785587,-97.730484
mlk_lavaca,93,,LOC16-000115,,TURNED_ON,,BLUETOOTH,,5157273,,,,,,CENTRAL,9,,ROADWAY,LAVACA ST / MARTIN LUTHER KING JR BLVD,LAVACA ST,MARTIN LUTHER KING JR BLVD,1800,,301,"(30.2813282, -97.740509)",ONLINE,03/29/2018 08:35:00 AM +0000,30.2813282,-97.740509
mlk_red_river,94,,LOC16-000135,,TURNED_ON,,BLUETOOTH,,5158551,,,,,,CENTRAL,1,,ROADWAY,MARTIN LUTHER KING JR BLVD / RED RIVER ST,MARTIN LUTHER KING JR BLVD,RED RIVER ST,400,,1900,"(30.2789745, -97.732193)",ONLINE,03/29/2018 08:35:00 AM +0000,30.2789745,-97.732193
red_river_32nd,95,,LOC16-000330,,TURNED_ON,,BLUETOOTH,,5159140,,,,,,CENTRAL,9,,ROADWAY,RED RIVER ST / 32ND ST,RED RIVER ST,32ND ST,3100,,902,"(30.2910519, -97.72715)",ONLINE,03/29/2018 08:35:00 AM +0000,30.2910519,-97.72715
red_river_dean_keeton,97,,LOC16-000345,,TURNED_ON,,BLUETOOTH,,5159198,,,,,,CENTRAL,"1,9",,ROADWAY,DEAN KEETON ST / RED RIVER ST,DEAN KEETON ST,RED RIVER ST,928,,2200,"(30.2871666, -97.7267456)",ONLINE,03/29/2018 08:35:00 AM +0000,30.2871666,-97.7267456
Lamar_Blue_Bonnet,75,,LOC16-000615,,TURNED_ON,,BLUETOOTH,,5152555,,,,,,SOUTHWEST,5,,ROADWAY,LAMAR BLVD / BLUEBONNET LN,LAMAR BLVD,BLUEBONNET LN,2261,,2401,"(30.2469234, -97.7771835)",ONLINE,04/26/2018 08:35:00 AM +0000,30.2469234,-97.7771835
fm2222_parkcrest,53,,LOC16-002155,,TURNED_ON,,BLUETOOTH,,5154483,,,,,,NORTHWEST,10,,ROADWAY,FM 2222 RD / NORTHLAND DR,FM 2222 RD,NORTHLAND DR,3500,,3453,"(30.3384666, -97.7589417)",ONLINE,05/09/2018 08:35:00 AM +0000,30.3384666,-97.7589417
fm2222_bell_mountain,56,,LOC16-004240,,TURNED_ON,,BLUETOOTH,,5149559,,,,,,NORTHWEST,10,,ROADWAY,FM 2222 RD / BELL MOUNTAIN DR,FM 2222 RD,BELL MOUNTAIN DR,7706,,7751,"(30.3771896, -97.8054581)",OFFLINE,05/13/2018 08:35:00 AM +0000,30.3771896,-97.8054581
red_river_38th,96,,LOC16-000335,08/01/2017 08:16:00 PM +0000,TURNED_ON,,BLUETOOTH,TrafficNet,5159542,,,,,,CENTRAL,9,,ROADWAY, RED RIVER ST / 38TH HALF ST, RED RIVER ST, 38TH HALF ST,3808,,800,"(30.2965431, -97.7231445)",ONLINE,03/29/2018 08:35:00 AM +0000,30.2965431,-97.7231445
rm620_anderson_mill,100,,LOC16-003165,,TURNED_ON,,BLUETOOTH,,5147797,,,,,,NORTHWEST,6,,ROADWAY,FM 620 RD / ANDERSON MILL RD,FM 620 RD,ANDERSON MILL RD,11600,,11611,"(30.4554501, -97.8258057)",ONLINE,03/29/2018 08:35:00 AM +0000,30.4554501,-97.8258057
rm620_deerbrook,103,,LOC16-004470,,TURNED_ON,,BLUETOOTH,,5148947,,,,,,NORTHWEST,6,,ROADWAY,FM 620 RD / DEERBROOK TRL,FM 620 RD,DEERBROOK TRL,12400,,12324,"(30.4638901, -97.8106232)",ONLINE,03/29/2018 08:35:00 AM +0000,30.4638901,-97.8106232
rm620_el_salido,104,,LOC16-004465,,TURNED_ON,,BLUETOOTH,,5148045,,,,,,NORTHWEST,6,,ROADWAY,FM 620 RD / EL SALIDO PKWY,FM 620 RD,EL SALIDO PKWY,11804,,11701,"(30.4580345, -97.8231125)",ONLINE,03/29/2018 08:35:00 AM +0000,30.4580345,-97.8231125
rm620_hatch,105,,LOC16-004480,,TURNED_ON,,BLUETOOTH,,5148292,,,,,,NORTHWEST,6,,ROADWAY,FM 620 RD / HATCH RD,FM 620 RD,HATCH RD,12108,,3400,"(30.4608479, -97.8199234)",ONLINE,03/29/2018 08:35:00 AM +0000,30.4608479,-97.8199234
rm620_lake_creek,109,,LOC16-004475,,TURNED_ON,,BLUETOOTH,,5148573,,,,,,NORTHWEST,6,,ROADWAY,FM 620 RD / LAKE CREEK PKWY,FM 620 RD,LAKE CREEK PKWY,12220,,11422,"(30.4621582, -97.8160172)",ONLINE,03/29/2018 08:35:00 AM +0000,30.4621582,-97.8160172
ross_pearce,110,,LOC16-001575,,TURNED_ON,,BLUETOOTH,,5168019,,,,,,SOUTHEAST,2,,ROADWAY,PEARCE LN / ROSS RD,PEARCE LN,ROSS RD,12400,,5413,"(30.1694298, -97.6231079)",ONLINE,03/29/2018 08:35:00 AM +0000,30.1694298,-97.6231079
south_1st_stassney,117,,LOC16-001975,,TURNED_ON,,BLUETOOTH,,5152189,,,,,,SOUTHWEST,"3,2",,ROADWAY,STASSNEY LN / 1ST ST,STASSNEY LN,1ST ST,600,,5501,"(30.2084713, -97.7815247)",ONLINE,03/29/2018 08:35:00 AM +0000,30.2084713,-97.7815247
south_1st_wm_cannon,118,,LOC16-001980,,TURNED_ON,,BLUETOOTH,,5151543,,,,,,SOUTHWEST,2,,ROADWAY,WILLIAM CANNON DR / 1ST ST,WILLIAM CANNON DR,1ST ST,700,,6519,"(30.1970978, -97.7878189)",ONLINE,03/29/2018 08:35:00 AM +0000,30.1970978,-97.7878189
us183_burleson,120,,LOC16-002435,,TURNED_ON,,BLUETOOTH,,5163798,,,,,,SOUTHEAST,2,,ROADWAY,US 183 HWY / BURLESON RD,US 183 HWY,BURLESON RD,4500,,8300,"(30.1828804, -97.6876297)",ONLINE,03/29/2018 08:35:00 AM +0000,30.1828804,-97.6876297
bartonsprings_Kinney,127,,LOC16-000640,,TURNED_ON,,BLUETOOTH,,5154418,,,,,,SOUTHWEST,5,,ROADWAY,BARTON SPRINGS RD / KINNEY AVE,BARTON SPRINGS RD,KINNEY AVE,1501,,501,"(30.261982, -97.761467)",ONLINE,03/29/2018 08:35:00 AM +0000,30.261982,-97.761467
bartonsprings_robertelee,128,,LOC16-000645,,TURNED_ON,,BLUETOOTH,,5153923,,,,,,SOUTHWEST,5,,ROADWAY,BARTON SPRINGS RD / ROBERT E LEE RD,BARTON SPRINGS RD,ROBERT E LEE RD,1901,,401,"(30.2647686, -97.7649841)",ONLINE,03/29/2018 08:35:00 AM +0000,30.2647686,-97.7649841
rundberg_middle_fiskville,133,,LOC16-003825,,TURNED_ON,,BLUETOOTH,,5163342,,,,,,NORTHEAST,4,,ROADWAY,RUNDBERG LN / MIDDLE FISKVILLE RD,RUNDBERG LN,MIDDLE FISKVILLE RD,800,,9400,"(30.3574352, -97.6865082)",ONLINE,03/29/2018 08:35:00 AM +0000,30.3574352,-97.6865082
guadalupe_21st,137,,LOC16-000180,,TURNED_ON,,BLUETOOTH,,5157063,,,,,,CENTRAL,9,,ROADWAY,GUADALUPE ST / 21ST ST,GUADALUPE ST,21ST ST,2100,,401,"(30.2837963, -97.7419052)",ONLINE,03/29/2018 08:35:00 AM +0000,30.2837963,-97.7419052
51st_manor,138,,LOC16-003240,,TURNED_ON,,BLUETOOTH,,5163482,,,,,,NORTHEAST,"1,9",,ROADWAY,MANOR RD / 51ST ST,MANOR RD,51ST ST,5100,,2300,"(30.2981815, -97.6870575)",ONLINE,03/29/2018 08:35:00 AM +0000,30.2981815,-97.6870575
51st_mueller,139,,LOC16-004920,,TURNED_ON,,BLUETOOTH,,5161667,,,,,,NORTHEAST,"4,9",,ROADWAY,51ST ST / MUELLER BLVD,51ST ST,MUELLER BLVD,1300,,5000,"(30.3057785, -97.7028351)",ONLINE,03/29/2018 08:35:00 AM +0000,30.3057785,-97.7028351
51st_springdale,140,,LOC16-003185,,TURNED_ON,,BLUETOOTH,,5164505,,,,,,NORTHEAST,1,,ROADWAY,SPRINGDALE RD / 51ST ST,SPRINGDALE RD,51ST ST,5100,,3200,"(30.2936001, -97.6778107)",ONLINE,03/29/2018 08:35:00 AM +0000,30.2936001,-97.6778107
springdale_12th,142,,LOC16-002785,,TURNED_ON,,BLUETOOTH,,5163550,,,,,,NORTHEAST,1,,ROADWAY,SPRINGDALE RD / 12TH ST,SPRINGDALE RD,12TH ST,1200,,4100,"(30.2789841, -97.6870193)",ONLINE,03/29/2018 08:35:00 AM +0000,30.2789841,-97.6870193
guadalupe_24th,134,,LOC16-000195,,TURNED_ON,,BLUETOOTH,,5157100,,,,,,CENTRAL,9,,ROADWAY,GUADALUPE ST / 24TH ST,GUADALUPE ST,24TH ST,2400,,401,"(30.2877197, -97.7415466)",ONLINE,04/18/2018 08:35:00 AM +0000,30.2877197,-97.7415466
guadalupe_26th,135,,LOC16-000200,,TURNED_ON,,BLUETOOTH,,5157120,,,,,,CENTRAL,9,,ROADWAY,DEAN KEETON ST / GUADALUPE ST,DEAN KEETON ST,GUADALUPE ST,300,,2520,"(30.289814, -97.7413559)",ONLINE,04/18/2018 08:35:00 AM +0000,30.289814,-97.7413559
tx71_ross,111,,LOC16-007030,,TURNED_ON,,BLUETOOTH,,5168587,,,,,,SOUTHEAST,,,ROADWAY,SH 71  / ROSS RD,SH 71,ROSS RD,4436,,4501,"(30.186287, -97.609533)",OFFLINE,05/11/2018 08:35:00 AM +0000,30.186287,-97.609533
rm620_boulder_north,101,,LOC16-004380,,TURNED_ON,,BLUETOOTH,,5147160,,,North,,,NORTHWEST,6,,ROADWAY,FM 620 RD / BOULDER LN (North),FM 620 RD,BOULDER LN,10443,,11700,"(30.4434834, -97.8331299)",OFFLINE,05/13/2018 08:35:00 AM +0000,30.4434834,-97.8331299
rm620_boulder_south,102,,LOC16-004375,,TURNED_ON,,BLUETOOTH,,5146359,,,South,,,NORTHWEST,6,,ROADWAY,FM 620 RD / BOULDER LN (South),FM 620 RD,BOULDER LN,8400,,10200,"(30.4287834, -97.842659)",OFFLINE,05/13/2018 08:35:00 AM +0000,30.4287834,-97.842659
springdale_manor,143,,LOC16-003280,,TURNED_ON,,BLUETOOTH,,5165229,,,,,,NORTHEAST,1,,ROADWAY,MANOR RD / SPRINGDALE RD,MANOR RD,SPRINGDALE RD,6508,,6400,"(30.3089867, -97.6690598)",ONLINE,03/29/2018 08:35:00 AM +0000,30.3089867,-97.6690598
springdale_mlk,144,,LOC16-003130,,TURNED_ON,,BLUETOOTH,,5164054,,,,,,NORTHEAST,1,,ROADWAY,MARTIN LUTHER KING JR BLVD / SPRINGDALE RD,MARTIN LUTHER KING JR BLVD,SPRINGDALE RD,4600,,1800,"(30.285862, -97.6826248)",ONLINE,03/29/2018 08:35:00 AM +0000,30.285862,-97.6826248
cesar_chavez_ih35,146,,LOC16-000670,,TURNED_ON,,BLUETOOTH,,5157926,,,,,,CENTRAL,"3,9",,ROADWAY,CESAR CHAVEZ ST / 35 SVRD,CESAR CHAVEZ ST,IH 35 SVRD,700,,100,"(30.2612305, -97.736763)",ONLINE,03/29/2018 08:35:00 AM +0000,30.2612305,-97.736763
riverside_ih35,147,,LOC16-001885,,TURNED_ON,,BLUETOOTH,,5158305,,,,,,SOUTHWEST,9,,ROADWAY,RIVERSIDE DR / 35 SVRD,RIVERSIDE DR,IH 35 SVRD,1300,,1101,"(30.2478428, -97.7348862)",ONLINE,03/29/2018 08:35:00 AM +0000,30.2478428,-97.7348862
,156,15,LOC16-007260,07/03/2017 03:49:00 PM +0000,TURNED_ON,10/13/2015 05:00:00 AM +0000,RADAR,Wavetronix,,,,H&B Trail Underpass,,,CENTRAL,9,,ROADWAY,1000 BLK W CESAR CHAVEZ ST (H&B Trail Underpass), CESAR CHAVEZ ST,  ,1000,,,"(30.268652, -97.759929)",ONLINE,03/29/2018 08:35:00 AM +0000,30.268652,-97.759929
,157,16,LOC17-010420,07/03/2017 03:54:00 PM +0000,TURNED_ON,10/13/2015 05:00:00 AM +0000,RADAR,Wavetronix,5155730,,,,,,CENTRAL,9,,ROADWAY, LAMAR BLVD / N LAMAR SB TO W 15TH RAMP, LAMAR BLVD, N LAMAR SB TO W 15TH RAMP,1401,,,"(30.279604, -97.750472)",ONLINE,03/29/2018 08:35:00 AM +0000,30.279604,-97.750472
,158,20,LOC17-010425,07/03/2017 04:04:00 PM +0000,TURNED_ON,10/15/2015 05:00:00 AM +0000,RADAR,Wavetronix,,,,,,,CENTRAL,9,,ROADWAY,700 BLK E CESAR CHAVEZ ST, CESAR CHAVEZ ST,  ,700,,,"(30.261476, -97.737262)",ONLINE,03/29/2018 08:35:00 AM +0000,30.261476,-97.737262
,159,17,LOC17-010430,07/03/2017 04:15:00 PM +0000,TURNED_ON,04/04/2016 05:00:00 AM +0000,RADAR,Wavetronix,5155709,,,Fulmore Middle School,,,SOUTHWEST,9,,ROADWAY, CONGRESS AVE / JOHANNA ST (Fulmore Middle School), CONGRESS AVE, JOHANNA ST,1900,,101,"(30.244513, -97.751737)",ONLINE,03/29/2018 08:35:00 AM +0000,30.244513,-97.751737
,162,2,LOC16-004120,02/09/2018 10:08:00 PM +0000,TURNED_ON,,RADAR,Wavetronix,5151885,,,,,,NORTHWEST,"10,6",,ROADWAY, SPICEWOOD SPRINGS RD / FOUR IRON DR, SPICEWOOD SPRINGS RD, FOUR IRON DR,8551,,11600,"(30.4316254, -97.7782974)",ONLINE,03/29/2018 08:35:00 AM +0000,30.4316254,-97.7782974
Lamar_BrodieOaks,77,,LOC16-000910,,TURNED_ON,,BLUETOOTH,,5151029,,,BRODIE OAKS SHOPPING CENTER,,,SOUTHWEST,5,,ROADWAY,LAMAR BLVD / LAMAR BLVD SVRD (BRODIE OAKS SHOPPING CENTER),LAMAR BLVD,LAMAR BLVD SVRD,3802,,4101,"(30.2362595, -97.7925873)",ONLINE,04/26/2018 08:35:00 AM +0000,30.2362595,-97.7925873
lamar_lamar_square,79,,LOC16-003810,,TURNED_ON,,BLUETOOTH,,5154288,,,,,,SOUTHWEST,5,,ROADWAY,LAMAR BLVD / LAMAR SQUARE DR,LAMAR BLVD,LAMAR SQUARE DR,1200,,1301,"(30.2542477, -97.7625885)",ONLINE,04/26/2018 08:35:00 AM +0000,30.2542477,-97.7625885
Lamar_and_Manchca_Barton_skyway,80,,LOC16-000620,,TURNED_ON,,BLUETOOTH,,5152101,,,Barton Skwy,,,SOUTHWEST,5,,ROADWAY,LAMAR BLVD / MANCHACA RD (Barton Skwy),LAMAR BLVD,MANCHACA RD,2800,,2801,"(30.244257, -97.781395)",ONLINE,04/26/2018 08:35:00 AM +0000,30.244257,-97.781395
lamar_riverside,86,,LOC16-000595,,TURNED_ON,,BLUETOOTH,,5154958,,,,,,SOUTHWEST,5,,ROADWAY,LAMAR BLVD / RIVERSIDE DR,LAMAR BLVD,RIVERSIDE DR,200,,1200,"(30.2645245, -97.757103)",ONLINE,04/26/2018 08:35:00 AM +0000,30.2645245,-97.757103
rm620_wilson_park,108,,LOC16-004330,,TURNED_ON,,BLUETOOTH,,5145963,,,,,,NORTHWEST,6,,ROADWAY,FM 620 RD / WILSON PARKE AVE,FM 620 RD,WILSON PARKE AVE,8116,,11701,"(30.416769, -97.8473129)",OFFLINE,05/13/2018 08:35:00 AM +0000,30.416769,-97.8473129
us290_wm_cannon,125,,LOC16-003480,08/01/2017 08:23:00 PM +0000,TURNED_ON,,BLUETOOTH,TrafficNet,5144899,,,,,,SOUTHWEST,8,,ROADWAY,US 290 HWY / WILLIAM CANNON DR,US 290 HWY, WILLIAM CANNON DR,6322,,6400,"(30.2340565, -97.86483)",ONLINE,04/26/2018 08:35:00 AM +0000,30.2340565,-97.86483
,163,22,LOC17-010445,11/20/2017 08:06:00 PM +0000,TURNED_ON,10/07/2016 05:00:00 AM +0000,RADAR,Wavetronix,,,,Collier,,,SOUTHWEST,5,,ROADWAY,1612 BLK S LAMAR BLVD (Collier), LAMAR BLVD,  ,1612,,,"(30.250802, -97.765746)",ONLINE,03/29/2018 08:35:00 AM +0000,30.250802,-97.765746
,165,23,LOC16-002270,07/03/2017 06:15:00 PM +0000,TURNED_ON,12/02/2016 06:00:00 AM +0000,RADAR,Wavetronix,5159845,,,IBM DRIVEWAY,,,NORTHWEST,7,,ROADWAY, BURNET RD / PALM WAY (IBM DRIVEWAY), BURNET RD, PALM WAY,11700,,2901,"(30.4022865, -97.7176056)",ONLINE,06/05/2018 08:35:00 AM +0000,30.4022865,-97.7176056
,166,24,LOC16-004175,07/03/2017 06:25:00 PM +0000,TURNED_ON,02/01/2017 06:00:00 AM +0000,RADAR,Wavetronix,5151320,,,,,,NORTHWEST,10,,ROADWAY, CAPITAL OF TEXAS HWY / LAKEWOOD DR, CAPITAL OF TEXAS HWY, LAKEWOOD DR,6822,,7200,"(30.3716736, -97.7856598)",ONLINE,05/16/2018 08:35:00 AM +0000,30.3716736,-97.7856598
,172,,LOC16-003725,08/01/2017 08:39:00 PM +0000,TURNED_ON,,BLUETOOTH,TrafficNet,5159052,,,,,,NORTHWEST,7,,ROADWAY, BURNET RD / WATERFORD CENTRE BLVD, BURNET RD, WATERFORD CENTRE BLVD,9300,,9234,"(30.3773537, -97.7254715)",ONLINE,03/29/2018 08:35:00 AM +0000,30.3773537,-97.7254715
,173,,LOC16-004180,08/01/2017 08:41:00 PM +0000,TURNED_ON,,BLUETOOTH,TrafficNet,5154176,,,,,,NORTHWEST,10,,ROADWAY, CAPITAL OF TEXAS HWY / GREAT HILLS TRL, CAPITAL OF TEXAS HWY, GREAT HILLS TRL,8400,,8901,"(30.3881397, -97.7598343)",ONLINE,03/29/2018 08:35:00 AM +0000,30.3881397,-97.7598343
,175,,LOC16-001905,08/01/2017 08:55:00 PM +0000,TURNED_ON,,BLUETOOTH,TrafficNet,5159035,,,,,,SOUTHWEST,"3,9",,ROADWAY, RIVERSIDE DR / PARKER LN, RIVERSIDE DR, PARKER LN,1723,,1201,"(30.2432289, -97.7293091)",ONLINE,03/29/2018 08:35:00 AM +0000,30.2432289,-97.7293091
wm_cannon_brodie,131,,LOC16-002055,,TURNED_ON,,BLUETOOTH,,5147962,,,,,,SOUTHWEST,"8,5",,ROADWAY,BRODIE LN / WILLIAM CANNON DR,BRODIE LN,WILLIAM CANNON DR,6912,,3501,"(30.2137775, -97.8303833)",ONLINE,04/26/2018 08:35:00 AM +0000,30.2137775,-97.8303833
,160,1,LOC17-010435,07/03/2017 04:43:00 PM +0000,TURNED_ON,05/05/2013 05:00:00 AM +0000,RADAR,Wavetronix,5152101,,,,,,SOUTHWEST,5,,ROADWAY, LAMAR BLVD / MANCHACA RD, LAMAR BLVD, MANCHACA RD,2800,,2801,"(30.243875, -97.781705)",ONLINE,06/07/2018 08:35:00 AM +0000,30.243875,-97.781705
,164,10,LOC16-004930,07/03/2017 06:14:00 PM +0000,TURNED_ON,10/07/2016 05:00:00 AM +0000,RADAR,Wavetronix,,,,BROKEN SPOKE,,,SOUTHWEST,5,,ROADWAY,3201 BLK S LAMAR BLVD (BROKEN SPOKE), LAMAR BLVD,  ,3201,,,"(30.2404709, -97.7866669)",ONLINE,04/26/2018 08:35:00 AM +0000,30.2404709,-97.7866669
,169,12,LOC17-010455,07/05/2017 01:01:00 PM +0000,TURNED_ON,05/05/2013 05:00:00 AM +0000,RADAR,Wavetronix,,,,WB US 290 flyover,,,SOUTHWEST,8,,ROADWAY,BLK W 290 WB TO S MOPAC SB RAMP (WB US 290 flyover), W 290 WB TO S MOPAC SB RAMP,  ,,,,"(30.233677, -97.819724)",ONLINE,04/26/2018 08:35:00 AM +0000,30.233677,-97.819724
,176,,LOC16-000960,08/01/2017 09:04:00 PM +0000,TURNED_ON,,BLUETOOTH,TrafficNet,5149842,,,,,,SOUTHWEST,5,,ROADWAY, MANCHACA RD / WILLIAM CANNON DR, MANCHACA RD, WILLIAM CANNON DR,6800,,2000,"(30.2029133, -97.8069077)",ONLINE,04/26/2018 08:35:00 AM +0000,30.2029133,-97.8069077
,177,8,LOC16-004310,08/01/2017 09:21:00 PM +0000,TURNED_ON,,RADAR,Wavetronix,5149237,,,,,,SOUTHWEST,8,,ROADWAY, CAPITAL OF TEXAS HWY / WALSH TARLTON LN, CAPITAL OF TEXAS HWY, WALSH TARLTON LN,2430,,2715,"(30.2579861, -97.8122482)",ONLINE,04/26/2018 08:35:00 AM +0000,30.2579861,-97.8122482
,178,,LOC16-000215,08/02/2017 02:46:00 PM +0000,TURNED_ON,,BLUETOOTH,TrafficNet,5156858,,,,,,CENTRAL,9,,ROADWAY, GUADALUPE ST / 29TH ST, GUADALUPE ST, 29TH ST,2900,,601,"(30.2954292, -97.7428131)",ONLINE,05/30/2018 08:35:00 AM +0000,30.2954292,-97.7428131
,179,,LOC16-000050,08/02/2017 02:59:00 PM +0000,TURNED_ON,,BLUETOOTH,TrafficNet,5160009,,,,,,NORTHEAST,"7,4",,ROADWAY, LAMAR BLVD / ST JOHNS AVE, LAMAR BLVD, ST JOHNS AVE,7200,,613,"(30.339407, -97.7178421)",ONLINE,03/29/2018 08:35:00 AM +0000,30.339407,-97.7178421
,183,,LOC16-000815,08/02/2017 03:12:00 PM +0000,TURNED_ON,,BLUETOOTH,TrafficNet,5161612,,,,,,NORTHEAST,1,,ROADWAY, AIRPORT BLVD / MARTIN LUTHER KING JR BLVD, AIRPORT BLVD, MARTIN LUTHER KING JR BLVD,1900,,3200,"(30.2825718, -97.703949)",ONLINE,03/29/2018 08:35:00 AM +0000,30.2825718,-97.703949
,185,11,LOC16-002260,08/17/2017 02:15:00 PM +0000,TURNED_ON,,RADAR,Wavetronix,5159209,,,,,,NORTHWEST,7,,ROADWAY, BURNET RD / RUTLAND DR, BURNET RD, RUTLAND DR,10000,,2401,"(30.3834267, -97.7240753)",ONLINE,05/17/2018 08:35:00 AM +0000,30.3834267,-97.7240753
